code,depth,x,y,z,format,source,top,base,lithology,sandmedianclass,sandmedian,graveladmix,sandadmix,siltadmix,clayadmix,humusadmix
B34F0134,12.0,252910.0,464590.0,29.900000000000002,XML Borehole,B34F0134_1.4.xml,0.0,1.5,GM,,,,,,,
B34F0134,12.0,252910.0,464590.0,29.900000000000002,XML Borehole,B34F0134_1.4.xml,1.5,10.0,L,,,,,,,
B34F0134,12.0,252910.0,464590.0,29.900000000000002,XML Borehole,B34F0134_1.4.xml,10.0,12.0,Z,,,,,,KX,
B34F0135,27.5,255200.0,464500.0,33.6,XML Borehole,B34F0135_1.4.xml,0.0,3.2,Z,ZMG,,GX,,,,
B34F0135,27.5,255200.0,464500.0,33.6,XML Borehole,B34F0135_1.4.xml,3.2,7.0,Z,ZFC,,,,,KX,
B34F0135,27.5,255200.0,464500.0,33.6,XML Borehole,B34F0135_1.4.xml,7.0,8.0,Z,ZGC,,GX,,,,
B34F0135,27.5,255200.0,464500.0,33.6,XML Borehole,B34F0135_1.4.xml,8.0,27.5,K,,,,ZX,,,
B34F0140,24.0,255875.0,464850.0,36.5,XML Borehole,B34F0140_1.4.xml,0.0,1.0,GM,,,,,,,
B34F0140,24.0,255875.0,464850.0,36.5,XML Borehole,B34F0140_1.4.xml,1.0,7.5,Z,ZMG,,,,,,
B34F0140,24.0,255875.0,464850.0,36.5,XML Borehole,B34F0140_1.4.xml,7.5,20.900000000000002,K,,,,ZX,,,
B34F0140,24.0,255875.0,464850.0,36.5,XML Borehole,B34F0140_1.4.xml,20.900000000000002,24.0,KAS,,,,,,,
B34F0141,16.0,256545.0,464535.0,39.2,XML Borehole,B34F0141_1.4.xml,0.0,0.5,GM,,,,,,,
B34F0141,16.0,256545.0,464535.0,39.2,XML Borehole,B34F0141_1.4.xml,0.5,3.0,Z,ZMG,,,,,,
B34F0141,16.0,256545.0,464535.0,39.2,XML Borehole,B34F0141_1.4.xml,3.0,14.5,L,,,,,,,
B34F0141,16.0,256545.0,464535.0,39.2,XML Borehole,B34F0141_1.4.xml,14.5,16.0,K,,,,,S1,,
B34F0143,10.0,257865.0,465410.0,41.6,XML Borehole,B34F0143_1.4.xml,0.0,1.2,GM,,,,,,,
B34F0143,10.0,257865.0,465410.0,41.6,XML Borehole,B34F0143_1.4.xml,1.2,4.0,L,,,,,,,
B34F0143,10.0,257865.0,465410.0,41.6,XML Borehole,B34F0143_1.4.xml,4.0,10.0,Z,ZMG,,GX,,,,
B34F0144,15.0,257155.0,465630.0,39.0,XML Borehole,B34F0144_1.4.xml,0.0,0.6,GM,,,,,,,
B34F0144,15.0,257155.0,465630.0,39.0,XML Borehole,B34F0144_1.4.xml,0.6,3.1,Z,ZMG,,,,,,
B34F0144,15.0,257155.0,465630.0,39.0,XML Borehole,B34F0144_1.4.xml,3.1,5.0,L,,,,,,,
B34F0144,15.0,257155.0,465630.0,39.0,XML Borehole,B34F0144_1.4.xml,5.0,6.0,Z,ZGC,,,,,,
B34F0144,15.0,257155.0,465630.0,39.0,XML Borehole,B34F0144_1.4.xml,6.0,9.5,K,,,,ZX,,,
B34F0144,15.0,257155.0,465630.0,39.0,XML Borehole,B34F0144_1.4.xml,9.5,15.0,KAS,,,,,,,
B34F0145,22.900000000000002,257200.0,464955.0,40.0,XML Borehole,B34F0145_1.4.xml,0.0,2.5,Z,ZMG,,,,,,
B34F0145,22.900000000000002,257200.0,464955.0,40.0,XML Borehole,B34F0145_1.4.xml,2.5,6.0,L,,,,,,,
B34F0145,22.900000000000002,257200.0,464955.0,40.0,XML Borehole,B34F0145_1.4.xml,6.0,9.0,Z,ZMG,,GX,,,,
B34F0145,22.900000000000002,257200.0,464955.0,40.0,XML Borehole,B34F0145_1.4.xml,9.0,22.900000000000002,K,,,,ZX,,,
B34F0146,15.0,256815.0,465360.0,40.5,XML Borehole,B34F0146_1.4.xml,0.0,0.5,GM,,,,,,,
B34F0146,15.0,256815.0,465360.0,40.5,XML Borehole,B34F0146_1.4.xml,0.5,7.0,L,,,,,,,
B34F0146,15.0,256815.0,465360.0,40.5,XML Borehole,B34F0146_1.4.xml,7.0,9.200000000000001,Z,ZMG,,,,,,
B34F0146,15.0,256815.0,465360.0,40.5,XML Borehole,B34F0146_1.4.xml,9.200000000000001,13.0,K,,,,ZX,,,
B34F0146,15.0,256815.0,465360.0,40.5,XML Borehole,B34F0146_1.4.xml,13.0,15.0,KAS,,,,,,,
B34F0147,18.8,256330.0,465180.0,38.0,XML Borehole,B34F0147_1.4.xml,0.0,1.0,GM,,,,,,,
B34F0147,18.8,256330.0,465180.0,38.0,XML Borehole,B34F0147_1.4.xml,1.0,3.0,L,,,,,,,
B34F0147,18.8,256330.0,465180.0,38.0,XML Borehole,B34F0147_1.4.xml,3.0,5.5,Z,ZMG,,,,,,
B34F0147,18.8,256330.0,465180.0,38.0,XML Borehole,B34F0147_1.4.xml,5.5,7.5,Z,ZGC,,GX,,,,
B34F0147,18.8,256330.0,465180.0,38.0,XML Borehole,B34F0147_1.4.xml,7.5,10.700000000000001,Z,ZMG,,,,,,
B34F0147,18.8,256330.0,465180.0,38.0,XML Borehole,B34F0147_1.4.xml,10.700000000000001,17.0,K,,,,ZX,,,
B34F0147,18.8,256330.0,465180.0,38.0,XML Borehole,B34F0147_1.4.xml,17.0,18.8,KAS,,,,,,,
B34F0148,27.5,255410.0,465040.0,35.0,XML Borehole,B34F0148_1.4.xml,0.0,1.3,GM,,,,,,,
B34F0148,27.5,255410.0,465040.0,35.0,XML Borehole,B34F0148_1.4.xml,1.3,7.0,Z,ZMG,,GX,,,,
B34F0148,27.5,255410.0,465040.0,35.0,XML Borehole,B34F0148_1.4.xml,7.0,27.5,K,,,,ZX,,,
B34F0149,24.5,255650.0,465425.0,36.0,XML Borehole,B34F0149_1.4.xml,0.0,1.0,GM,,,,,,,
B34F0149,24.5,255650.0,465425.0,36.0,XML Borehole,B34F0149_1.4.xml,1.0,3.1,Z,,,,,,K1,
B34F0149,24.5,255650.0,465425.0,36.0,XML Borehole,B34F0149_1.4.xml,3.1,8.8,Z,ZMF,,,,,,
B34F0149,24.5,255650.0,465425.0,36.0,XML Borehole,B34F0149_1.4.xml,8.8,24.0,K,,,,ZX,,,
B34F0149,24.5,255650.0,465425.0,36.0,XML Borehole,B34F0149_1.4.xml,24.0,24.5,KAS,,,,,,,
B34F0150,18.2,256315.0,465755.0,36.800000000000004,XML Borehole,B34F0150_1.4.xml,0.0,1.5,GM,,,,,,,
B34F0150,18.2,256315.0,465755.0,36.800000000000004,XML Borehole,B34F0150_1.4.xml,1.5,4.2,L,,,,,,,
B34F0150,18.2,256315.0,465755.0,36.800000000000004,XML Borehole,B34F0150_1.4.xml,4.2,12.0,Z,ZGC,,,,,,
B34F0150,18.2,256315.0,465755.0,36.800000000000004,XML Borehole,B34F0150_1.4.xml,12.0,17.8,K,,,,ZX,,,
B34F0150,18.2,256315.0,465755.0,36.800000000000004,XML Borehole,B34F0150_1.4.xml,17.8,18.2,KAS,,,,,,,
B34F0151,26.1,256235.0,466410.0,36.6,XML Borehole,B34F0151_1.4.xml,0.0,1.2,GM,,,,,,,
B34F0151,26.1,256235.0,466410.0,36.6,XML Borehole,B34F0151_1.4.xml,1.2,9.0,Z,ZMG,,,,,,
B34F0151,26.1,256235.0,466410.0,36.6,XML Borehole,B34F0151_1.4.xml,9.0,26.1,K,,,,ZX,,,
B34F0152,19.0,256850.0,466160.0,37.800000000000004,XML Borehole,B34F0152_1.4.xml,0.0,0.5,GM,,,,,,,
B34F0152,19.0,256850.0,466160.0,37.800000000000004,XML Borehole,B34F0152_1.4.xml,0.5,2.5,L,,,,,,,
B34F0152,19.0,256850.0,466160.0,37.800000000000004,XML Borehole,B34F0152_1.4.xml,2.5,11.5,Z,ZMG,,GX,,,,
B34F0152,19.0,256850.0,466160.0,37.800000000000004,XML Borehole,B34F0152_1.4.xml,11.5,19.0,K,,,,ZX,,,
B34F0153,12.0,257850.0,466385.0,39.5,XML Borehole,B34F0153_1.4.xml,0.0,2.5,Z,,,,,,,
B34F0153,12.0,257850.0,466385.0,39.5,XML Borehole,B34F0153_1.4.xml,2.5,12.0,MER,,,,,S1,,
B34F0323,8.9,254155.0,466450.0,30.8,XML Borehole,B34F0323_1.4.xml,0.0,0.35000000000000003,Z,,,,,,,
B34F0323,8.9,254155.0,466450.0,30.8,XML Borehole,B34F0323_1.4.xml,0.35000000000000003,3.1,Z,ZFC,,,,,,
B34F0323,8.9,254155.0,466450.0,30.8,XML Borehole,B34F0323_1.4.xml,3.1,3.5,Z,ZMG,,,,,,
B34F0323,8.9,254155.0,466450.0,30.8,XML Borehole,B34F0323_1.4.xml,3.5,4.0,Z,ZFC,,,,SX,,
B34F0323,8.9,254155.0,466450.0,30.8,XML Borehole,B34F0323_1.4.xml,4.0,8.9,L,,,,ZX,,,HX
B34F0324,10.25,254510.0,466655.0,32.2,XML Borehole,B34F0324_1.4.xml,0.0,4.6000000000000005,Z,ZFC,,,,,,
B34F0324,10.25,254510.0,466655.0,32.2,XML Borehole,B34F0324_1.4.xml,4.6000000000000005,5.4,Z,ZMF,,G1,,SX,,
B34F0324,10.25,254510.0,466655.0,32.2,XML Borehole,B34F0324_1.4.xml,5.4,7.3,Z,ZFC,,,,SX,,
B34F0324,10.25,254510.0,466655.0,32.2,XML Borehole,B34F0324_1.4.xml,7.3,8.5,Z,ZMF,,GX,,SX,,
B34F0324,10.25,254510.0,466655.0,32.2,XML Borehole,B34F0324_1.4.xml,8.5,9.5,G,ZFC,,,Z1,SX,,
B34F0324,10.25,254510.0,466655.0,32.2,XML Borehole,B34F0324_1.4.xml,9.5,10.25,K,,,,,,,
B34F0325,9.0,254630.0,466450.0,32.8,XML Borehole,B34F0325_1.4.xml,0.0,0.4,Z,,,,,,,
B34F0325,9.0,254630.0,466450.0,32.8,XML Borehole,B34F0325_1.4.xml,0.4,4.5,Z,ZFC,,,,,,
B34F0325,9.0,254630.0,466450.0,32.8,XML Borehole,B34F0325_1.4.xml,4.5,6.6000000000000005,L,,,,,,,
B34F0325,9.0,254630.0,466450.0,32.8,XML Borehole,B34F0325_1.4.xml,6.6000000000000005,8.0,Z,ZFC,,,,SX,,HX
B34F0325,9.0,254630.0,466450.0,32.8,XML Borehole,B34F0325_1.4.xml,8.0,9.0,G,,,,Z1,SX,,
B34F0451,30.0,252830.0,465870.0,29.5,XML Borehole,B34F0451_1.4.xml,0.0,0.3,Z,,,,,,,
B34F0451,30.0,252830.0,465870.0,29.5,XML Borehole,B34F0451_1.4.xml,0.3,1.0,Z,ZMF,190.0,,,,,
B34F0451,30.0,252830.0,465870.0,29.5,XML Borehole,B34F0451_1.4.xml,1.0,4.0,Z,ZMG,230.0,,,,,
B34F0451,30.0,252830.0,465870.0,29.5,XML Borehole,B34F0451_1.4.xml,4.0,5.0,Z,ZZG,320.0,,,SX,,H2
B34F0451,30.0,252830.0,465870.0,29.5,XML Borehole,B34F0451_1.4.xml,5.0,6.0,Z,ZUG,430.0,,,,,
B34F0451,30.0,252830.0,465870.0,29.5,XML Borehole,B34F0451_1.4.xml,6.0,7.0,Z,ZZG,320.0,,,,,
B34F0451,30.0,252830.0,465870.0,29.5,XML Borehole,B34F0451_1.4.xml,7.0,8.0,Z,ZMG,250.0,,,,,
B34F0451,30.0,252830.0,465870.0,29.5,XML Borehole,B34F0451_1.4.xml,8.0,9.0,Z,ZZG,350.0,,,,,
B34F0451,30.0,252830.0,465870.0,29.5,XML Borehole,B34F0451_1.4.xml,9.0,9.8,Z,ZUG,450.0,GX,,,,
B34F0451,30.0,252830.0,465870.0,29.5,XML Borehole,B34F0451_1.4.xml,9.8,12.0,Z,ZZF,125.0,,,,,
B34F0451,30.0,252830.0,465870.0,29.5,XML Borehole,B34F0451_1.4.xml,12.0,13.0,L,,,,Z1,,,
B34F0451,30.0,252830.0,465870.0,29.5,XML Borehole,B34F0451_1.4.xml,13.0,14.0,Z,ZMG,,,,,,
B34F0451,30.0,252830.0,465870.0,29.5,XML Borehole,B34F0451_1.4.xml,14.0,17.0,L,,,,Z1,S1,,
B34F0451,30.0,252830.0,465870.0,29.5,XML Borehole,B34F0451_1.4.xml,17.0,18.0,K,,,,Z3,S3,,
B34F0451,30.0,252830.0,465870.0,29.5,XML Borehole,B34F0451_1.4.xml,18.0,23.0,L,,,,Z1,,,
B34F0451,30.0,252830.0,465870.0,29.5,XML Borehole,B34F0451_1.4.xml,23.0,24.0,K,,,,,SX,KX,
B34F0451,30.0,252830.0,465870.0,29.5,XML Borehole,B34F0451_1.4.xml,24.0,30.0,L,,,,Z1,S1,,
B34F0452,30.0,254000.0,465800.0,31.0,XML Borehole,B34F0452_1.4.xml,0.0,1.0,Z,,,,,,,
B34F0452,30.0,254000.0,465800.0,31.0,XML Borehole,B34F0452_1.4.xml,1.0,3.6,Z,ZMF,170.0,,,,,
B34F0452,30.0,254000.0,465800.0,31.0,XML Borehole,B34F0452_1.4.xml,3.6,6.0,L,,,,,,,H2
B34F0452,30.0,254000.0,465800.0,31.0,XML Borehole,B34F0452_1.4.xml,6.0,6.8,Z,ZZG,,G3,,,,
B34F0452,30.0,254000.0,465800.0,31.0,XML Borehole,B34F0452_1.4.xml,6.8,8.5,L,,,,Z1,,,H1
B34F0452,30.0,254000.0,465800.0,31.0,XML Borehole,B34F0452_1.4.xml,8.5,9.0,Z,ZZG,380.0,GX,,,,
B34F0452,30.0,254000.0,465800.0,31.0,XML Borehole,B34F0452_1.4.xml,9.0,12.0,L,,,,Z1,S1,,H2
B34F0452,30.0,254000.0,465800.0,31.0,XML Borehole,B34F0452_1.4.xml,12.0,13.0,Z,ZZG,,GX,,,,
B34F0452,30.0,254000.0,465800.0,31.0,XML Borehole,B34F0452_1.4.xml,13.0,21.0,L,,,,Z1,S1,,
B34F0452,30.0,254000.0,465800.0,31.0,XML Borehole,B34F0452_1.4.xml,21.0,22.0,Z,ZZF,,,,,,
B34F0452,30.0,254000.0,465800.0,31.0,XML Borehole,B34F0452_1.4.xml,22.0,23.0,K,,,,,S3,,
B34F0452,30.0,254000.0,465800.0,31.0,XML Borehole,B34F0452_1.4.xml,23.0,30.0,L,,,,Z1,S1,,
B34F0453,25.7,255420.0,465950.0,33.6,XML Borehole,B34F0453_1.4.xml,0.0,0.7000000000000001,Z,,,,,,,
B34F0453,25.7,255420.0,465950.0,33.6,XML Borehole,B34F0453_1.4.xml,0.7000000000000001,2.8000000000000003,Z,ZMF,170.0,,,,,
B34F0453,25.7,255420.0,465950.0,33.6,XML Borehole,B34F0453_1.4.xml,2.8000000000000003,4.0,K,,,,Z1,,,
B34F0453,25.7,255420.0,465950.0,33.6,XML Borehole,B34F0453_1.4.xml,4.0,6.5,Z,ZUG,500.0,GX,,,,
B34F0453,25.7,255420.0,465950.0,33.6,XML Borehole,B34F0453_1.4.xml,6.5,13.0,L,,,,Z1,S1,,
B34F0453,25.7,255420.0,465950.0,33.6,XML Borehole,B34F0453_1.4.xml,13.0,25.7,K,,,,ZX,,,
B34F0454,17.3,256320.0,465870.0,36.9,XML Borehole,B34F0454_1.4.xml,0.0,1.7,Z,ZMF,170.0,,,S1,,
B34F0454,17.3,256320.0,465870.0,36.9,XML Borehole,B34F0454_1.4.xml,1.7,2.0,L,,,GX,ZX,,,
B34F0454,17.3,256320.0,465870.0,36.9,XML Borehole,B34F0454_1.4.xml,2.0,3.0,Z,ZMG,250.0,,,SX,,
B34F0454,17.3,256320.0,465870.0,36.9,XML Borehole,B34F0454_1.4.xml,3.0,5.6000000000000005,Z,ZUG,380.0,G3,,,,
B34F0454,17.3,256320.0,465870.0,36.9,XML Borehole,B34F0454_1.4.xml,5.6000000000000005,6.0,Z,ZZG,380.0,,,,,
B34F0454,17.3,256320.0,465870.0,36.9,XML Borehole,B34F0454_1.4.xml,6.0,12.0,Z,ZUG,500.0,G1,,,,
B34F0454,17.3,256320.0,465870.0,36.9,XML Borehole,B34F0454_1.4.xml,12.0,17.3,K,,,,,S3,,
B34F0455,10.3,257080.0,465730.0,39.300000000000004,XML Borehole,B34F0455_1.4.xml,0.0,1.0,Z,,,,,,,
B34F0455,10.3,257080.0,465730.0,39.300000000000004,XML Borehole,B34F0455_1.4.xml,1.0,1.5,Z,ZMF,170.0,,,S1,,
B34F0455,10.3,257080.0,465730.0,39.300000000000004,XML Borehole,B34F0455_1.4.xml,1.5,2.0,Z,ZMG,250.0,,,S1,,
B34F0455,10.3,257080.0,465730.0,39.300000000000004,XML Borehole,B34F0455_1.4.xml,2.0,4.0,L,,,GX,ZX,,,
B34F0455,10.3,257080.0,465730.0,39.300000000000004,XML Borehole,B34F0455_1.4.xml,4.0,5.0,Z,ZMG,,,,SX,,H3
B34F0455,10.3,257080.0,465730.0,39.300000000000004,XML Borehole,B34F0455_1.4.xml,5.0,6.0,Z,ZZF,120.0,,,,KX,H2
B34F0455,10.3,257080.0,465730.0,39.300000000000004,XML Borehole,B34F0455_1.4.xml,6.0,9.0,Z,ZMG,250.0,GX,,SX,,
B34F0455,10.3,257080.0,465730.0,39.300000000000004,XML Borehole,B34F0455_1.4.xml,9.0,10.3,K,,,,ZX,S3,,
B34F0456,10.0,257800.0,466210.0,38.5,XML Borehole,B34F0456_1.4.xml,0.0,0.5,Z,,,,,,,
B34F0456,10.0,257800.0,466210.0,38.5,XML Borehole,B34F0456_1.4.xml,0.5,1.0,Z,ZMF,170.0,,,S1,,
B34F0456,10.0,257800.0,466210.0,38.5,XML Borehole,B34F0456_1.4.xml,1.0,4.0,Z,ZMG,,GX,,SX,,H2
B34F0456,10.0,257800.0,466210.0,38.5,XML Borehole,B34F0456_1.4.xml,4.0,10.0,K,,,,,S1,,
B34F0457,7.5,257930.0,466440.0,39.1,XML Borehole,B34F0457_1.4.xml,0.0,1.2,Z,ZMF,170.0,,,S1,,
B34F0457,7.5,257930.0,466440.0,39.1,XML Borehole,B34F0457_1.4.xml,1.2,3.5,K,,,GX,Z1,,,
B34F0457,7.5,257930.0,466440.0,39.1,XML Borehole,B34F0457_1.4.xml,3.5,3.7,Z,,,,,S1,,
B34F0457,7.5,257930.0,466440.0,39.1,XML Borehole,B34F0457_1.4.xml,3.7,7.5,K,,,,,S1,,
B34F0574,10.75,252370.0,465470.0,29.5,XML Borehole,B34F0574_1.4.xml,0.0,3.0,Z,ZMF,175.0,,,,,
B34F0574,10.75,252370.0,465470.0,29.5,XML Borehole,B34F0574_1.4.xml,3.0,7.65,Z,ZMG,250.0,G1,,SX,KX,
B34F0574,10.75,252370.0,465470.0,29.5,XML Borehole,B34F0574_1.4.xml,7.65,10.75,K,,,,Z1,S2,,
B34F0575,15.0,252900.0,466080.0,29.8,XML Borehole,B34F0575_1.4.xml,0.0,2.25,Z,ZMF,200.0,,,,,
B34F0575,15.0,252900.0,466080.0,29.8,XML Borehole,B34F0575_1.4.xml,2.25,8.0,Z,ZMG,260.0,,,S1,,
B34F0575,15.0,252900.0,466080.0,29.8,XML Borehole,B34F0575_1.4.xml,8.0,10.0,Z,ZZG,450.0,G3,,,,
B34F0575,15.0,252900.0,466080.0,29.8,XML Borehole,B34F0575_1.4.xml,10.0,15.0,Z,ZZF,122.0,,Z3,SX,,
B34F0577,9.6,253700.0,466550.0,29.7,XML Borehole,B34F0577_1.4.xml,0.0,0.6,Z,ZMF,200.0,,,,,
B34F0577,9.6,253700.0,466550.0,29.7,XML Borehole,B34F0577_1.4.xml,0.6,6.8,Z,ZMG,250.0,G1,,S1,,
B34F0577,9.6,253700.0,466550.0,29.7,XML Borehole,B34F0577_1.4.xml,6.8,9.6,K,,,,Z1,S2,,
B34F0705,24.0,253920.0,465200.0,31.5,XML Borehole,B34F0705_1.4.xml,0.0,3.1,Z,ZMF,,,,,,
B34F0705,24.0,253920.0,465200.0,31.5,XML Borehole,B34F0705_1.4.xml,3.1,3.5,GY,,,,,,,
B34F0705,24.0,253920.0,465200.0,31.5,XML Borehole,B34F0705_1.4.xml,3.5,7.0,K,,,,Z1,,,
B34F0705,24.0,253920.0,465200.0,31.5,XML Borehole,B34F0705_1.4.xml,7.0,9.3,Z,ZMF,165.0,,,,,
B34F0705,24.0,253920.0,465200.0,31.5,XML Borehole,B34F0705_1.4.xml,9.3,11.0,K,,,,Z2,,,
B34F0705,24.0,253920.0,465200.0,31.5,XML Borehole,B34F0705_1.4.xml,11.0,12.8,Z,ZMG,220.0,G1,,,,
B34F0705,24.0,253920.0,465200.0,31.5,XML Borehole,B34F0705_1.4.xml,12.8,24.0,K,,,,Z3,,,
B34F0706,9.8,254960.0,466920.0,32.5,XML Borehole,B34F0706_1.4.xml,0.0,2.0,Z,ZMF,155.0,,,,,
B34F0706,9.8,254960.0,466920.0,32.5,XML Borehole,B34F0706_1.4.xml,2.0,3.0,Z,ZMG,250.0,G2,,,,
B34F0706,9.8,254960.0,466920.0,32.5,XML Borehole,B34F0706_1.4.xml,3.0,4.0,Z,ZMF,200.0,G2,,,,
B34F0706,9.8,254960.0,466920.0,32.5,XML Borehole,B34F0706_1.4.xml,4.0,6.0,Z,ZMG,220.0,G1,,,,
B34F0706,9.8,254960.0,466920.0,32.5,XML Borehole,B34F0706_1.4.xml,6.0,8.0,Z,ZZG,300.0,G2,,,,
B34F0706,9.8,254960.0,466920.0,32.5,XML Borehole,B34F0706_1.4.xml,8.0,8.8,Z,ZMG,250.0,G3,,,,
B34F0706,9.8,254960.0,466920.0,32.5,XML Borehole,B34F0706_1.4.xml,8.8,9.8,K,,,,Z3,,,
B34F0746,2.7,257870.0,465170.0,41.800000000000004,XML Borehole,B34F0746_1.4.xml,0.0,2.7,Z,,,,,,,
B34F0747,4.0,257800.0,465520.0,41.300000000000004,XML Borehole,B34F0747_1.4.xml,0.0,1.7,Z,,,,,,,
B34F0747,4.0,257800.0,465520.0,41.300000000000004,XML Borehole,B34F0747_1.4.xml,1.7,4.0,L,,,,Z2,,,
B34F0748,3.6,257750.0,465950.0,40.0,XML Borehole,B34F0748_1.4.xml,0.0,3.0,Z,,,,,,,
B34F0748,3.6,257750.0,465950.0,40.0,XML Borehole,B34F0748_1.4.xml,3.0,3.2,K,,,,,,,
B34F0748,3.6,257750.0,465950.0,40.0,XML Borehole,B34F0748_1.4.xml,3.2,3.6,Z,,,,,,,
B34F0749,3.5,257450.0,466060.0,38.1,XML Borehole,B34F0749_1.4.xml,0.0,3.5,Z,,,,,,,
B34F0750,4.0,257325.0,466425.0,36.7,XML Borehole,B34F0750_1.4.xml,0.0,4.0,Z,,,,,,,
B34F0751,3.0,257450.0,466580.0,37.0,XML Borehole,B34F0751_1.4.xml,0.0,3.0,Z,,,,,,,
B34F0752,3.5,257300.0,466580.0,38.0,XML Borehole,B34F0752_1.4.xml,0.0,3.5,Z,,,,,,,
B34F0753,3.8000000000000003,257650.0,466260.0,38.0,XML Borehole,B34F0753_1.4.xml,0.0,3.0,Z,,,,,,,
B34F0753,3.8000000000000003,257650.0,466260.0,38.0,XML Borehole,B34F0753_1.4.xml,3.0,3.6,K,,,,,,,
B34F0753,3.8000000000000003,257650.0,466260.0,38.0,XML Borehole,B34F0753_1.4.xml,3.6,3.8000000000000003,L,,,,Z2,,,
B34F0768,7.3500000000000005,254650.0,466470.0,34.300000000000004,XML Borehole,B34F0768_1.4.xml,0.0,0.6,Z,ZMC,,,,,,H3
B34F0768,7.3500000000000005,254650.0,466470.0,34.300000000000004,XML Borehole,B34F0768_1.4.xml,0.6,0.85,Z,,,,,S3,,
B34F0768,7.3500000000000005,254650.0,466470.0,34.300000000000004,XML Borehole,B34F0768_1.4.xml,0.85,1.3,V,,,,,,,
B34F0768,7.3500000000000005,254650.0,466470.0,34.300000000000004,XML Borehole,B34F0768_1.4.xml,1.3,2.5500000000000003,Z,ZFC,,,,S3,,
B34F0768,7.3500000000000005,254650.0,466470.0,34.300000000000004,XML Borehole,B34F0768_1.4.xml,2.5500000000000003,3.25,Z,ZUF,,,,,,
B34F0768,7.3500000000000005,254650.0,466470.0,34.300000000000004,XML Borehole,B34F0768_1.4.xml,3.25,3.6,Z,ZZF,,,,,,
B34F0768,7.3500000000000005,254650.0,466470.0,34.300000000000004,XML Borehole,B34F0768_1.4.xml,3.6,4.8,Z,ZMC,,,,,,
B34F0768,7.3500000000000005,254650.0,466470.0,34.300000000000004,XML Borehole,B34F0768_1.4.xml,4.8,5.2,Z,ZFC,,G1,,,,
B34F0768,7.3500000000000005,254650.0,466470.0,34.300000000000004,XML Borehole,B34F0768_1.4.xml,5.2,6.5,Z,ZUF,,,,S3,,
B34F0768,7.3500000000000005,254650.0,466470.0,34.300000000000004,XML Borehole,B34F0768_1.4.xml,6.5,7.0,Z,,,G2,,,,
B34F0768,7.3500000000000005,254650.0,466470.0,34.300000000000004,XML Borehole,B34F0768_1.4.xml,7.0,7.3500000000000005,L,,,G1,Z1,,,
B34F1335,2.0,252510.0,467520.0,26.82,XML Borehole,B34F1335_1.4.xml,0.0,1.0,Z,,,,,,,
B34F1335,2.0,252510.0,467520.0,26.82,XML Borehole,B34F1335_1.4.xml,1.0,2.0,G,,,,ZX,,,
B34F1336,2.0,252470.0,467490.0,27.1,XML Borehole,B34F1336_1.4.xml,0.0,2.0,Z,,,,,,,
B34F1337,2.0,254620.0,467440.0,32.42,XML Borehole,B34F1337_1.4.xml,0.0,2.0,Z,,,,,,,
B34F1338,3.0,254620.0,467410.0,32.4,XML Borehole,B34F1338_1.4.xml,0.0,3.0,Z,,,,,,,
B34F1339,2.0,254620.0,467490.0,32.82,XML Borehole,B34F1339_1.4.xml,0.0,2.0,Z,,,,,,,
B34F1340,2.0,253510.0,466280.0,29.66,XML Borehole,B34F1340_1.4.xml,0.0,2.0,Z,,,,,,,
B34F1341,2.0,253330.0,466130.0,29.8,XML Borehole,B34F1341_1.4.xml,0.0,2.0,Z,,,,,,,
B34F1342,2.0,253304.0,466107.0,29.75,XML Borehole,B34F1342_1.4.xml,0.0,2.0,Z,,,,,,,
B34F1343,2.0,257340.0,464880.0,40.88,XML Borehole,B34F1343_1.4.xml,0.0,2.0,Z,,,,,,,
B34F1344,2.0,257380.0,464880.0,40.9,XML Borehole,B34F1344_1.4.xml,0.0,2.0,Z,,,,,,,
B34F1345,2.0,257420.0,464940.0,,XML Borehole,B34F1345_1.4.xml,0.0,0.3,NBE,,,,,,,
B34F1345,2.0,257420.0,464940.0,,XML Borehole,B34F1345_1.4.xml,0.3,2.0,Z,,,,,,,
B34F1346,2.0,257240.0,464960.0,40.03,XML Borehole,B34F1346_1.4.xml,0.0,2.0,Z,,,,,,,
B34F1433,3.4,257231.0,465940.0,39.11,XML Borehole,B34F1433_1.4.xml,0.0,2.0,Z,ZMG,,,,,,
B34F1433,3.4,257231.0,465940.0,39.11,XML Borehole,B34F1433_1.4.xml,2.0,3.4,Z,ZFC,,,,S1,,
B34F1499,2.5,256745.0,464525.0,39.45,XML Borehole,B34F1499_1.4.xml,0.0,0.3,Z,ZZF,,,,S3,,H3
B34F1499,2.5,256745.0,464525.0,39.45,XML Borehole,B34F1499_1.4.xml,0.3,1.4000000000000001,Z,ZMF,,,,S2,,H1
B34F1499,2.5,256745.0,464525.0,39.45,XML Borehole,B34F1499_1.4.xml,1.4000000000000001,2.2,Z,ZZF,,,,S1,,
B34F1499,2.5,256745.0,464525.0,39.45,XML Borehole,B34F1499_1.4.xml,2.2,2.5,Z,,,,,S4,,
B34F1548,2.7,252675.0,464490.0,29.3,XML Borehole,B34F1548_1.4.xml,0.0,0.7000000000000001,Z,ZMF,,,,,,H1
B34F1548,2.7,252675.0,464490.0,29.3,XML Borehole,B34F1548_1.4.xml,0.7000000000000001,1.3,Z,ZMG,,,,,,
B34F1548,2.7,252675.0,464490.0,29.3,XML Borehole,B34F1548_1.4.xml,1.3,2.5,Z,ZMF,,,,,,H1
B34F1548,2.7,252675.0,464490.0,29.3,XML Borehole,B34F1548_1.4.xml,2.5,2.7,V,,,,,,,
B34F1549,4.2,252700.0,464490.0,29.03,XML Borehole,B34F1549_1.4.xml,0.0,1.0,Z,ZMF,,,,,,H2
B34F1549,4.2,252700.0,464490.0,29.03,XML Borehole,B34F1549_1.4.xml,1.0,1.3,Z,ZMG,,GX,,,,
B34F1549,4.2,252700.0,464490.0,29.03,XML Borehole,B34F1549_1.4.xml,1.3,2.2,Z,ZMF,,,,,,
B34F1549,4.2,252700.0,464490.0,29.03,XML Borehole,B34F1549_1.4.xml,2.2,3.2,Z,ZMG,,,,S1,,
B34F1549,4.2,252700.0,464490.0,29.03,XML Borehole,B34F1549_1.4.xml,3.2,4.2,Z,ZZF,,,,S3,,
B34F1550,3.2,252700.0,464540.0,29.17,XML Borehole,B34F1550_1.4.xml,0.0,0.75,Z,ZZF,,,,S2,,H3
B34F1550,3.2,252700.0,464540.0,29.17,XML Borehole,B34F1550_1.4.xml,0.75,2.0,Z,ZMF,,,,S1,,
B34F1550,3.2,252700.0,464540.0,29.17,XML Borehole,B34F1550_1.4.xml,2.0,2.8000000000000003,Z,ZZG,,GX,,,,
B34F1550,3.2,252700.0,464540.0,29.17,XML Borehole,B34F1550_1.4.xml,2.8000000000000003,3.2,L,,,,,,,H1
B34F1551,2.3000000000000003,252680.0,464590.0,29.04,XML Borehole,B34F1551_1.4.xml,0.0,2.1,V,,,,,,,
B34F1551,2.3000000000000003,252680.0,464590.0,29.04,XML Borehole,B34F1551_1.4.xml,2.1,2.3000000000000003,Z,ZMF,,,,,,
B34F1552,2.2,252845.0,464700.0,29.27,XML Borehole,B34F1552_1.4.xml,0.0,1.7,Z,ZMF,,,,,,HX
B34F1552,2.2,252845.0,464700.0,29.27,XML Borehole,B34F1552_1.4.xml,1.7,2.2,L,,,,Z3,,,
B34F1553,4.1,252970.0,464860.0,29.85,XML Borehole,B34F1553_1.4.xml,0.0,1.5,Z,ZMF,,,,,,H2
B34F1553,4.1,252970.0,464860.0,29.85,XML Borehole,B34F1553_1.4.xml,1.5,1.8,Z,ZMG,,,,,,
B34F1553,4.1,252970.0,464860.0,29.85,XML Borehole,B34F1553_1.4.xml,1.8,2.2,Z,ZZF,,,,S3,,
B34F1553,4.1,252970.0,464860.0,29.85,XML Borehole,B34F1553_1.4.xml,2.2,3.8000000000000003,Z,ZMF,,,,S1,,
B34F1553,4.1,252970.0,464860.0,29.85,XML Borehole,B34F1553_1.4.xml,3.8000000000000003,4.1,Z,ZZF,,,,S3,,
B34F1765,4.0,252680.0,464679.0,29.6,XML Borehole,B34F1765_1.4.xml,0.0,0.9,Z,ZMF,,,,,,
B34F1765,4.0,252680.0,464679.0,29.6,XML Borehole,B34F1765_1.4.xml,0.9,1.9000000000000001,Z,ZMG,280.0,,,,,
B34F1765,4.0,252680.0,464679.0,29.6,XML Borehole,B34F1765_1.4.xml,1.9000000000000001,4.0,Z,ZZG,350.0,,,,,
B34F1771,4.1,252330.0,464680.0,31.0,XML Borehole,B34F1771_1.4.xml,0.0,4.1,Z,ZMG,250.0,,,,,
B34F1772,4.2,252393.0,464957.0,30.3,XML Borehole,B34F1772_1.4.xml,0.0,1.0,Z,ZMG,250.0,,,,,
B34F1772,4.2,252393.0,464957.0,30.3,XML Borehole,B34F1772_1.4.xml,1.0,1.3,V,,,,,,KX,
B34F1772,4.2,252393.0,464957.0,30.3,XML Borehole,B34F1772_1.4.xml,1.3,3.1,Z,ZMG,280.0,,,SX,,H2
B34F1772,4.2,252393.0,464957.0,30.3,XML Borehole,B34F1772_1.4.xml,3.1,4.2,Z,ZZG,350.0,,,,,
B34F1773,3.5,252651.0,464964.0,29.2,XML Borehole,B34F1773_1.4.xml,0.0,3.0,Z,ZMG,,,,,,
B34F1773,3.5,252651.0,464964.0,29.2,XML Borehole,B34F1773_1.4.xml,3.0,3.5,L,,,,,SX,,
B34F1774,4.2,252989.0,464967.0,30.1,XML Borehole,B34F1774_1.4.xml,0.0,0.3,Z,ZMG,250.0,,,,,
B34F1774,4.2,252989.0,464967.0,30.1,XML Borehole,B34F1774_1.4.xml,0.3,4.2,Z,ZMF,175.0,,,,,
B34F1777,4.0,253653.0,464981.0,30.8,XML Borehole,B34F1777_1.4.xml,0.0,0.4,Z,,,,,,,
B34F1777,4.0,253653.0,464981.0,30.8,XML Borehole,B34F1777_1.4.xml,0.4,1.0,V,,,,,,KX,
B34F1777,4.0,253653.0,464981.0,30.8,XML Borehole,B34F1777_1.4.xml,1.0,1.3,Z,ZZG,350.0,,,,,
B34F1777,4.0,253653.0,464981.0,30.8,XML Borehole,B34F1777_1.4.xml,1.3,3.0,Z,,,,,,,
B34F1777,4.0,253653.0,464981.0,30.8,XML Borehole,B34F1777_1.4.xml,3.0,4.0,Z,ZMG,250.0,,,,,HX
B34F1778,4.0,253288.0,464986.0,30.3,XML Borehole,B34F1778_1.4.xml,0.0,0.3,Z,,,,,,,
B34F1778,4.0,253288.0,464986.0,30.3,XML Borehole,B34F1778_1.4.xml,0.3,1.1,Z,ZMF,175.0,,,,,
B34F1778,4.0,253288.0,464986.0,30.3,XML Borehole,B34F1778_1.4.xml,1.1,3.4,Z,,,,,,,
B34F1778,4.0,253288.0,464986.0,30.3,XML Borehole,B34F1778_1.4.xml,3.4,4.0,Z,ZMG,230.0,,,,,
B34F1779,3.7,253672.0,464678.0,31.3,XML Borehole,B34F1779_1.4.xml,0.0,1.0,Z,ZMF,,,,,,
B34F1779,3.7,253672.0,464678.0,31.3,XML Borehole,B34F1779_1.4.xml,1.0,2.5,Z,ZMG,250.0,,,,,
B34F1779,3.7,253672.0,464678.0,31.3,XML Borehole,B34F1779_1.4.xml,2.5,3.0,Z,ZUG,450.0,G1,,,,
B34F1779,3.7,253672.0,464678.0,31.3,XML Borehole,B34F1779_1.4.xml,3.0,3.7,L,,,,,SX,,
B34F1780,3.0,253268.0,464661.0,30.5,XML Borehole,B34F1780_1.4.xml,0.0,1.1,Z,ZMF,175.0,,,,,
B34F1780,3.0,253268.0,464661.0,30.5,XML Borehole,B34F1780_1.4.xml,1.1,3.0,Z,ZMG,250.0,,,,,
B34F1782,3.5,253013.0,464694.0,30.0,XML Borehole,B34F1782_1.4.xml,0.0,1.1,Z,ZMF,175.0,,,,,
B34F1782,3.5,253013.0,464694.0,30.0,XML Borehole,B34F1782_1.4.xml,1.1,2.5,Z,ZZG,380.0,,,,,
B34F1782,3.5,253013.0,464694.0,30.0,XML Borehole,B34F1782_1.4.xml,2.5,3.5,Z,ZMG,280.0,,,,,
B34F1784,4.0,254269.0,464743.0,32.4,XML Borehole,B34F1784_1.4.xml,0.0,1.1,Z,ZMF,,,,,,
B34F1784,4.0,254269.0,464743.0,32.4,XML Borehole,B34F1784_1.4.xml,1.1,4.0,Z,ZMG,250.0,,,,,
B34F1785,4.0,254002.0,464694.0,31.6,XML Borehole,B34F1785_1.4.xml,0.0,1.2,Z,ZMF,,,,,,
B34F1785,4.0,254002.0,464694.0,31.6,XML Borehole,B34F1785_1.4.xml,1.2,4.0,Z,ZMG,,,,,,
B34F1791,3.9,254020.0,464976.0,31.400000000000002,XML Borehole,B34F1791_1.4.xml,0.0,0.9,Z,ZMF,,,,,,
B34F1791,3.9,254020.0,464976.0,31.400000000000002,XML Borehole,B34F1791_1.4.xml,0.9,2.0,Z,ZMG,250.0,,,,,H2
B34F1791,3.9,254020.0,464976.0,31.400000000000002,XML Borehole,B34F1791_1.4.xml,2.0,2.7,V,,,,,SX,KX,
B34F1791,3.9,254020.0,464976.0,31.400000000000002,XML Borehole,B34F1791_1.4.xml,2.7,3.9,Z,ZMG,250.0,,,,,H2
B34F1792,4.0,254665.0,464722.0,32.6,XML Borehole,B34F1792_1.4.xml,0.0,0.5,Z,ZMF,190.0,,,,,
B34F1792,4.0,254665.0,464722.0,32.6,XML Borehole,B34F1792_1.4.xml,0.5,1.5,Z,ZMG,280.0,,,,,
B34F1792,4.0,254665.0,464722.0,32.6,XML Borehole,B34F1792_1.4.xml,1.5,1.9000000000000001,Z,,,,,SX,,
B34F1792,4.0,254665.0,464722.0,32.6,XML Borehole,B34F1792_1.4.xml,1.9000000000000001,2.5,Z,ZZG,350.0,,,,,
B34F1792,4.0,254665.0,464722.0,32.6,XML Borehole,B34F1792_1.4.xml,2.5,3.0,Z,ZMG,280.0,,,,,
B34F1792,4.0,254665.0,464722.0,32.6,XML Borehole,B34F1792_1.4.xml,3.0,4.0,Z,ZUG,500.0,,,,,
B34F1793,4.0,254324.0,464984.0,32.0,XML Borehole,B34F1793_1.4.xml,0.0,0.3,V,,,,,,,
B34F1793,4.0,254324.0,464984.0,32.0,XML Borehole,B34F1793_1.4.xml,0.3,0.9,Z,ZZG,380.0,,,,,
B34F1793,4.0,254324.0,464984.0,32.0,XML Borehole,B34F1793_1.4.xml,0.9,4.0,Z,ZMG,280.0,,,,,
B34F1796,4.0,255286.0,464707.0,34.0,XML Borehole,B34F1796_1.4.xml,0.0,1.2,Z,ZMF,,,,,,
B34F1796,4.0,255286.0,464707.0,34.0,XML Borehole,B34F1796_1.4.xml,1.2,1.6,Z,ZMG,250.0,,,,,
B34F1796,4.0,255286.0,464707.0,34.0,XML Borehole,B34F1796_1.4.xml,1.6,2.1,Z,ZUG,480.0,,,,,
B34F1796,4.0,255286.0,464707.0,34.0,XML Borehole,B34F1796_1.4.xml,2.1,2.7,Z,ZZG,350.0,,,,,
B34F1796,4.0,255286.0,464707.0,34.0,XML Borehole,B34F1796_1.4.xml,2.7,3.0,Z,ZMF,160.0,,,S1,,
B34F1796,4.0,255286.0,464707.0,34.0,XML Borehole,B34F1796_1.4.xml,3.0,4.0,Z,,,,,,,
B34F1800,4.0,255012.0,464656.0,33.4,XML Borehole,B34F1800_1.4.xml,0.0,0.4,Z,ZMG,,,,,,
B34F1800,4.0,255012.0,464656.0,33.4,XML Borehole,B34F1800_1.4.xml,0.4,0.7000000000000001,Z,ZMF,175.0,,,,,
B34F1800,4.0,255012.0,464656.0,33.4,XML Borehole,B34F1800_1.4.xml,0.7000000000000001,1.4000000000000001,Z,ZMG,280.0,,,,,
B34F1800,4.0,255012.0,464656.0,33.4,XML Borehole,B34F1800_1.4.xml,1.4000000000000001,4.0,Z,,,G1,,,,
B34F1802,4.0,255653.0,464693.0,35.7,XML Borehole,B34F1802_1.4.xml,0.0,0.5,Z,,,,,,,
B34F1802,4.0,255653.0,464693.0,35.7,XML Borehole,B34F1802_1.4.xml,0.5,2.0,Z,ZMF,175.0,,,,,
B34F1802,4.0,255653.0,464693.0,35.7,XML Borehole,B34F1802_1.4.xml,2.0,4.0,Z,ZZG,350.0,,,,,H2
B34F1803,3.8000000000000003,255636.0,464969.0,36.800000000000004,XML Borehole,B34F1803_1.4.xml,0.0,0.5,Z,ZMF,,,,,,
B34F1803,3.8000000000000003,255636.0,464969.0,36.800000000000004,XML Borehole,B34F1803_1.4.xml,0.5,3.3000000000000003,Z,ZMG,250.0,,,,,
B34F1803,3.8000000000000003,255636.0,464969.0,36.800000000000004,XML Borehole,B34F1803_1.4.xml,3.3000000000000003,3.8000000000000003,L,,,,Z1,SX,,
B34F1805,4.1,255190.0,464490.0,33.8,XML Borehole,B34F1805_1.4.xml,0.0,0.6,Z,ZMF,,,,,,
B34F1805,4.1,255190.0,464490.0,33.8,XML Borehole,B34F1805_1.4.xml,0.6,1.6,Z,ZMG,250.0,,,,,
B34F1805,4.1,255190.0,464490.0,33.8,XML Borehole,B34F1805_1.4.xml,1.6,4.1,Z,ZMF,155.0,,,,,
B34F1810,3.9,256015.0,464711.0,38.4,XML Borehole,B34F1810_1.4.xml,0.0,0.2,Z,ZMF,,,,,,
B34F1810,3.9,256015.0,464711.0,38.4,XML Borehole,B34F1810_1.4.xml,0.2,3.4,Z,ZMG,230.0,,,,,
B34F1810,3.9,256015.0,464711.0,38.4,XML Borehole,B34F1810_1.4.xml,3.4,3.9,K,,,,Z2,,,
B34F1811,3.3000000000000003,256333.0,464685.0,38.5,XML Borehole,B34F1811_1.4.xml,0.0,0.6,Z,ZMF,,,,,,
B34F1811,3.3000000000000003,256333.0,464685.0,38.5,XML Borehole,B34F1811_1.4.xml,0.6,0.8,Z,ZMG,230.0,,,,,
B34F1811,3.3000000000000003,256333.0,464685.0,38.5,XML Borehole,B34F1811_1.4.xml,0.8,3.3000000000000003,K,,,G1,,S3,KX,
B34F1812,2.9,256639.0,464673.0,39.6,XML Borehole,B34F1812_1.4.xml,0.0,0.8,Z,ZMF,,,,,,
B34F1812,2.9,256639.0,464673.0,39.6,XML Borehole,B34F1812_1.4.xml,0.8,1.8,Z,ZMG,,,,,,
B34F1812,2.9,256639.0,464673.0,39.6,XML Borehole,B34F1812_1.4.xml,1.8,2.2,Z,ZZG,350.0,G1,,,,
B34F1812,2.9,256639.0,464673.0,39.6,XML Borehole,B34F1812_1.4.xml,2.2,2.6,Z,ZMG,250.0,,,,,
B34F1812,2.9,256639.0,464673.0,39.6,XML Borehole,B34F1812_1.4.xml,2.6,2.9,K,,,G1,,S3,KX,
B34F1815,4.0,257655.0,464666.0,41.9,XML Borehole,B34F1815_1.4.xml,0.0,1.2,Z,ZMF,,,,,,
B34F1815,4.0,257655.0,464666.0,41.9,XML Borehole,B34F1815_1.4.xml,1.2,4.0,Z,,,,,,,
B34F1817,4.0,257313.0,464634.0,41.0,XML Borehole,B34F1817_1.4.xml,0.0,1.1,Z,ZMF,,,,,,
B34F1817,4.0,257313.0,464634.0,41.0,XML Borehole,B34F1817_1.4.xml,1.1,4.0,Z,,,,,,,
B34F1818,3.3000000000000003,257307.0,464966.0,40.0,XML Borehole,B34F1818_1.4.xml,0.0,0.4,V,,,,,S3,KX,
B34F1818,3.3000000000000003,257307.0,464966.0,40.0,XML Borehole,B34F1818_1.4.xml,0.4,0.9,Z,ZMF,175.0,,,,,
B34F1818,3.3000000000000003,257307.0,464966.0,40.0,XML Borehole,B34F1818_1.4.xml,0.9,3.0,Z,ZMG,250.0,,,,,
B34F1818,3.3000000000000003,257307.0,464966.0,40.0,XML Borehole,B34F1818_1.4.xml,3.0,3.3000000000000003,K,,,G1,,S3,KX,
B34F1819,3.3000000000000003,257006.0,464690.0,39.9,XML Borehole,B34F1819_1.4.xml,0.0,2.5,Z,ZMF,,,,,,
B34F1819,3.3000000000000003,257006.0,464690.0,39.9,XML Borehole,B34F1819_1.4.xml,2.5,3.0,Z,,,,,,,
B34F1819,3.3000000000000003,257006.0,464690.0,39.9,XML Borehole,B34F1819_1.4.xml,3.0,3.3000000000000003,K,,,G1,Z2,,,
B34F1840,2.5,252918.0,465577.0,29.5,XML Borehole,B34F1840_1.4.xml,0.0,0.4,Z,ZMF,175.0,,,,,
B34F1840,2.5,252918.0,465577.0,29.5,XML Borehole,B34F1840_1.4.xml,0.4,2.5,Z,ZMG,,,,S1,,
B34F1841,8.0,252730.0,465851.0,29.900000000000002,XML Borehole,B34F1841_1.4.xml,0.0,1.5,Z,ZMF,175.0,,,,,
B34F1841,8.0,252730.0,465851.0,29.900000000000002,XML Borehole,B34F1841_1.4.xml,1.5,3.0,Z,ZMG,250.0,,,,,
B34F1841,8.0,252730.0,465851.0,29.900000000000002,XML Borehole,B34F1841_1.4.xml,3.0,6.0,Z,,,G1,,,,
B34F1841,8.0,252730.0,465851.0,29.900000000000002,XML Borehole,B34F1841_1.4.xml,6.0,8.0,Z,ZUG,600.0,G1,,,,
B34F1842,2.6,252675.0,465440.0,29.5,XML Borehole,B34F1842_1.4.xml,0.0,0.9,Z,ZMF,175.0,,,,,
B34F1842,2.6,252675.0,465440.0,29.5,XML Borehole,B34F1842_1.4.xml,0.9,2.4,Z,ZMG,,,,,,
B34F1842,2.6,252675.0,465440.0,29.5,XML Borehole,B34F1842_1.4.xml,2.4,2.6,K,,,,ZX,S3,,
B34F1843,8.0,252426.0,465251.0,29.8,XML Borehole,B34F1843_1.4.xml,0.0,0.5,Z,ZMG,250.0,,,,,
B34F1843,8.0,252426.0,465251.0,29.8,XML Borehole,B34F1843_1.4.xml,0.5,1.0,V,,,,,,KX,
B34F1843,8.0,252426.0,465251.0,29.8,XML Borehole,B34F1843_1.4.xml,1.0,3.0,Z,ZMG,250.0,,,SX,,
B34F1843,8.0,252426.0,465251.0,29.8,XML Borehole,B34F1843_1.4.xml,3.0,3.75,Z,ZUG,450.0,,,,,
B34F1843,8.0,252426.0,465251.0,29.8,XML Borehole,B34F1843_1.4.xml,3.75,4.1,V,,,,,SX,KX,
B34F1843,8.0,252426.0,465251.0,29.8,XML Borehole,B34F1843_1.4.xml,4.1,5.5,Z,ZMG,300.0,,,,,
B34F1843,8.0,252426.0,465251.0,29.8,XML Borehole,B34F1843_1.4.xml,5.5,8.0,Z,ZZG,,G1,,,,
B34F1844,4.15,252196.0,465482.0,29.6,XML Borehole,B34F1844_1.4.xml,0.0,0.5,Z,ZMF,175.0,,,,,
B34F1844,4.15,252196.0,465482.0,29.6,XML Borehole,B34F1844_1.4.xml,0.5,2.7,Z,ZMG,250.0,,,,,
B34F1844,4.15,252196.0,465482.0,29.6,XML Borehole,B34F1844_1.4.xml,2.7,3.2,Z,ZMF,175.0,,,,,
B34F1844,4.15,252196.0,465482.0,29.6,XML Borehole,B34F1844_1.4.xml,3.2,4.15,Z,ZZG,300.0,,,,,
B34F1845,3.0,252437.0,465648.0,29.0,XML Borehole,B34F1845_1.4.xml,0.0,0.8,Z,ZMF,175.0,,,,,
B34F1845,3.0,252437.0,465648.0,29.0,XML Borehole,B34F1845_1.4.xml,0.8,2.0,Z,ZMG,,,,S1,,
B34F1845,3.0,252437.0,465648.0,29.0,XML Borehole,B34F1845_1.4.xml,2.0,2.2,Z,ZUG,450.0,,,,,
B34F1845,3.0,252437.0,465648.0,29.0,XML Borehole,B34F1845_1.4.xml,2.2,3.0,Z,ZZG,300.0,,,SX,,
B34F1846,8.0,252244.0,465840.0,29.1,XML Borehole,B34F1846_1.4.xml,0.0,1.3,Z,ZMF,175.0,,,,,
B34F1846,8.0,252244.0,465840.0,29.1,XML Borehole,B34F1846_1.4.xml,1.3,2.6,Z,ZMG,,,,S1,,
B34F1846,8.0,252244.0,465840.0,29.1,XML Borehole,B34F1846_1.4.xml,2.6,2.8000000000000003,Z,ZZG,600.0,,,,,
B34F1846,8.0,252244.0,465840.0,29.1,XML Borehole,B34F1846_1.4.xml,2.8000000000000003,3.75,Z,ZMG,250.0,,,S1,,
B34F1846,8.0,252244.0,465840.0,29.1,XML Borehole,B34F1846_1.4.xml,3.75,4.0,K,,,,Z3,SX,,
B34F1846,8.0,252244.0,465840.0,29.1,XML Borehole,B34F1846_1.4.xml,4.0,8.0,Z,ZMG,300.0,,,,,
B34F1847,6.2,252153.0,465136.0,30.400000000000002,XML Borehole,B34F1847_1.4.xml,0.0,0.4,Z,ZMF,175.0,,,,,
B34F1847,6.2,252153.0,465136.0,30.400000000000002,XML Borehole,B34F1847_1.4.xml,0.4,5.4,Z,,,,,,,
B34F1847,6.2,252153.0,465136.0,30.400000000000002,XML Borehole,B34F1847_1.4.xml,5.4,6.2,K,,,,Z3,,,H3
B34F1849,8.0,253295.0,465854.0,30.0,XML Borehole,B34F1849_1.4.xml,0.0,2.0,Z,ZMF,175.0,,,,,
B34F1849,8.0,253295.0,465854.0,30.0,XML Borehole,B34F1849_1.4.xml,2.0,4.0,Z,ZMG,250.0,,,,,
B34F1849,8.0,253295.0,465854.0,30.0,XML Borehole,B34F1849_1.4.xml,4.0,4.2,Z,ZUG,500.0,,,,,
B34F1849,8.0,253295.0,465854.0,30.0,XML Borehole,B34F1849_1.4.xml,4.2,4.9,Z,ZMF,190.0,,,S1,,
B34F1849,8.0,253295.0,465854.0,30.0,XML Borehole,B34F1849_1.4.xml,4.9,5.8,Z,ZZG,350.0,,,,,
B34F1849,8.0,253295.0,465854.0,30.0,XML Borehole,B34F1849_1.4.xml,5.8,6.5,Z,ZUG,450.0,,,,,
B34F1849,8.0,253295.0,465854.0,30.0,XML Borehole,B34F1849_1.4.xml,6.5,8.0,Z,ZMG,,,,,,
B34F1850,4.0,253366.0,465580.0,30.7,XML Borehole,B34F1850_1.4.xml,0.0,0.7000000000000001,Z,ZMG,,,,,,
B34F1850,4.0,253366.0,465580.0,30.7,XML Borehole,B34F1850_1.4.xml,0.7000000000000001,1.3,Z,ZMF,190.0,,,,,
B34F1850,4.0,253366.0,465580.0,30.7,XML Borehole,B34F1850_1.4.xml,1.3,2.8000000000000003,Z,ZMG,250.0,,,,,
B34F1850,4.0,253366.0,465580.0,30.7,XML Borehole,B34F1850_1.4.xml,2.8000000000000003,4.0,K,,,,,S3,KX,
B34F1851,3.0,253630.0,465371.0,30.5,XML Borehole,B34F1851_1.4.xml,0.0,0.3,Z,ZMG,,,,,,
B34F1851,3.0,253630.0,465371.0,30.5,XML Borehole,B34F1851_1.4.xml,0.3,0.7000000000000001,Z,ZMF,175.0,,,,,
B34F1851,3.0,253630.0,465371.0,30.5,XML Borehole,B34F1851_1.4.xml,0.7000000000000001,1.5,Z,ZMG,250.0,,,,,
B34F1851,3.0,253630.0,465371.0,30.5,XML Borehole,B34F1851_1.4.xml,1.5,3.0,K,,,,,S1,,
B34F1852,3.0,253299.0,465338.0,30.400000000000002,XML Borehole,B34F1852_1.4.xml,0.0,0.5,Z,,,,,,,
B34F1852,3.0,253299.0,465338.0,30.400000000000002,XML Borehole,B34F1852_1.4.xml,0.5,0.7000000000000001,Z,ZMF,175.0,,,,,
B34F1852,3.0,253299.0,465338.0,30.400000000000002,XML Borehole,B34F1852_1.4.xml,0.7000000000000001,1.4000000000000001,Z,ZMG,250.0,,,,,
B34F1852,3.0,253299.0,465338.0,30.400000000000002,XML Borehole,B34F1852_1.4.xml,1.4000000000000001,2.0,Z,ZZG,380.0,G1,,,,
B34F1852,3.0,253299.0,465338.0,30.400000000000002,XML Borehole,B34F1852_1.4.xml,2.0,3.0,Z,ZMF,160.0,,,,,
B34F1853,3.0,253061.0,465382.0,30.0,XML Borehole,B34F1853_1.4.xml,0.0,1.9000000000000001,Z,,,,,,,
B34F1853,3.0,253061.0,465382.0,30.0,XML Borehole,B34F1853_1.4.xml,1.9000000000000001,3.0,Z,ZZG,350.0,,,,,
B34F1854,4.0,253951.0,465350.0,31.0,XML Borehole,B34F1854_1.4.xml,0.0,2.58,Z,ZMF,175.0,,,,,H2
B34F1854,4.0,253951.0,465350.0,31.0,XML Borehole,B34F1854_1.4.xml,2.58,4.0,Z,ZMG,250.0,,,SX,,
B34F1855,4.0,253627.0,465689.0,30.400000000000002,XML Borehole,B34F1855_1.4.xml,0.0,0.3,Z,ZMF,,,,,,
B34F1855,4.0,253627.0,465689.0,30.400000000000002,XML Borehole,B34F1855_1.4.xml,0.3,2.4,Z,ZMG,250.0,,,S1,,
B34F1855,4.0,253627.0,465689.0,30.400000000000002,XML Borehole,B34F1855_1.4.xml,2.4,4.0,Z,ZZG,350.0,,,,,
B34F1856,4.0,253635.0,465992.0,29.8,XML Borehole,B34F1856_1.4.xml,0.0,0.3,Z,,,,,,,
B34F1856,4.0,253635.0,465992.0,29.8,XML Borehole,B34F1856_1.4.xml,0.3,0.5,Z,ZMG,250.0,,,,,
B34F1856,4.0,253635.0,465992.0,29.8,XML Borehole,B34F1856_1.4.xml,0.5,0.9,K,ZMF,175.0,,,,KX,H2
B34F1856,4.0,253635.0,465992.0,29.8,XML Borehole,B34F1856_1.4.xml,0.9,1.9000000000000001,Z,ZMG,255.0,,,,,
B34F1856,4.0,253635.0,465992.0,29.8,XML Borehole,B34F1856_1.4.xml,1.9000000000000001,4.0,Z,,,,,,,
B34F1857,3.9,253975.0,465703.0,31.2,XML Borehole,B34F1857_1.4.xml,0.0,0.4,Z,ZMG,,,,,,
B34F1857,3.9,253975.0,465703.0,31.2,XML Borehole,B34F1857_1.4.xml,0.4,0.7000000000000001,Z,,,,,,,
B34F1857,3.9,253975.0,465703.0,31.2,XML Borehole,B34F1857_1.4.xml,0.7000000000000001,1.2,Z,ZMF,190.0,,,,,
B34F1857,3.9,253975.0,465703.0,31.2,XML Borehole,B34F1857_1.4.xml,1.2,3.9,Z,,,,,,,
B34F1858,4.0,254697.0,465019.0,32.9,XML Borehole,B34F1858_1.4.xml,0.0,0.3,Z,ZMG,,,,,,
B34F1858,4.0,254697.0,465019.0,32.9,XML Borehole,B34F1858_1.4.xml,0.3,0.8,Z,ZMF,175.0,,,,,
B34F1858,4.0,254697.0,465019.0,32.9,XML Borehole,B34F1858_1.4.xml,0.8,1.6,Z,ZMG,,,,,,
B34F1858,4.0,254697.0,465019.0,32.9,XML Borehole,B34F1858_1.4.xml,1.6,4.0,Z,,,,,,,
B34F1859,4.0,254006.0,465996.0,31.2,XML Borehole,B34F1859_1.4.xml,0.0,0.5,Z,ZMG,,,,,,
B34F1859,4.0,254006.0,465996.0,31.2,XML Borehole,B34F1859_1.4.xml,0.5,0.7000000000000001,Z,ZMF,175.0,,,,,
B34F1859,4.0,254006.0,465996.0,31.2,XML Borehole,B34F1859_1.4.xml,0.7000000000000001,2.2,Z,ZMG,250.0,,,,,
B34F1859,4.0,254006.0,465996.0,31.2,XML Borehole,B34F1859_1.4.xml,2.2,3.0,L,,,,,SX,,
B34F1859,4.0,254006.0,465996.0,31.2,XML Borehole,B34F1859_1.4.xml,3.0,4.0,Z,ZMG,250.0,,,,,
B34F1860,3.0,254333.0,465689.0,32.4,XML Borehole,B34F1860_1.4.xml,0.0,0.2,Z,,,,,,,
B34F1860,3.0,254333.0,465689.0,32.4,XML Borehole,B34F1860_1.4.xml,0.2,1.1,Z,ZMF,175.0,,,,,
B34F1860,3.0,254333.0,465689.0,32.4,XML Borehole,B34F1860_1.4.xml,1.1,1.5,Z,ZZF,125.0,,,S1,,
B34F1860,3.0,254333.0,465689.0,32.4,XML Borehole,B34F1860_1.4.xml,1.5,2.3000000000000003,Z,ZMF,175.0,,,,,
B34F1860,3.0,254333.0,465689.0,32.4,XML Borehole,B34F1860_1.4.xml,2.3000000000000003,3.0,Z,,,,,,,
B34F1861,3.3000000000000003,254643.0,465688.0,33.2,XML Borehole,B34F1861_1.4.xml,0.0,0.2,V,,,,,,,
B34F1861,3.3000000000000003,254643.0,465688.0,33.2,XML Borehole,B34F1861_1.4.xml,0.2,2.0,Z,ZMG,,,,,,
B34F1861,3.3000000000000003,254643.0,465688.0,33.2,XML Borehole,B34F1861_1.4.xml,2.0,3.3000000000000003,Z,ZZG,380.0,,,,,
B34F1862,4.0,254619.0,465364.0,32.9,XML Borehole,B34F1862_1.4.xml,0.0,0.8,Z,,,,,,,
B34F1862,4.0,254619.0,465364.0,32.9,XML Borehole,B34F1862_1.4.xml,0.8,1.4000000000000001,Z,ZMF,175.0,,,,,
B34F1862,4.0,254619.0,465364.0,32.9,XML Borehole,B34F1862_1.4.xml,1.4000000000000001,2.02,Z,,,,,,,
B34F1862,4.0,254619.0,465364.0,32.9,XML Borehole,B34F1862_1.4.xml,2.02,4.0,Z,ZZG,380.0,,,,,
B34F1863,4.0,254330.0,465370.0,31.900000000000002,XML Borehole,B34F1863_1.4.xml,0.0,0.22,Z,ZMF,,,,,,
B34F1863,4.0,254330.0,465370.0,31.900000000000002,XML Borehole,B34F1863_1.4.xml,0.22,1.3,Z,ZMG,280.0,,,,,
B34F1863,4.0,254330.0,465370.0,31.900000000000002,XML Borehole,B34F1863_1.4.xml,1.3,4.0,Z,,,,,,,
B34F1864,4.0,254328.0,465995.0,31.8,XML Borehole,B34F1864_1.4.xml,0.0,0.8,Z,ZMF,,,,,,
B34F1864,4.0,254328.0,465995.0,31.8,XML Borehole,B34F1864_1.4.xml,0.8,1.2,Z,ZMG,230.0,,,,,
B34F1864,4.0,254328.0,465995.0,31.8,XML Borehole,B34F1864_1.4.xml,1.2,1.4000000000000001,Z,ZMF,175.0,,,,,
B34F1864,4.0,254328.0,465995.0,31.8,XML Borehole,B34F1864_1.4.xml,1.4000000000000001,3.0,Z,,,,,,,
B34F1864,4.0,254328.0,465995.0,31.8,XML Borehole,B34F1864_1.4.xml,3.0,3.5,Z,ZZG,380.0,,,,,
B34F1864,4.0,254328.0,465995.0,31.8,XML Borehole,B34F1864_1.4.xml,3.5,4.0,Z,,,,,,,
B34F1865,4.0,255619.0,465332.0,35.5,XML Borehole,B34F1865_1.4.xml,0.0,0.35000000000000003,Z,ZMF,,,,,,
B34F1865,4.0,255619.0,465332.0,35.5,XML Borehole,B34F1865_1.4.xml,0.35000000000000003,1.0,K,,,G1,Z2,,,
B34F1865,4.0,255619.0,465332.0,35.5,XML Borehole,B34F1865_1.4.xml,1.0,1.3,L,,,,ZX,SX,,
B34F1865,4.0,255619.0,465332.0,35.5,XML Borehole,B34F1865_1.4.xml,1.3,4.0,Z,ZMG,250.0,,,,,
B34F1866,4.0,255320.0,465367.0,34.5,XML Borehole,B34F1866_1.4.xml,0.0,0.7000000000000001,Z,ZMF,,,,,,
B34F1866,4.0,255320.0,465367.0,34.5,XML Borehole,B34F1866_1.4.xml,0.7000000000000001,2.0,Z,ZMG,250.0,,,,,
B34F1866,4.0,255320.0,465367.0,34.5,XML Borehole,B34F1866_1.4.xml,2.0,3.6,Z,ZUG,450.0,GX,,,,
B34F1866,4.0,255320.0,465367.0,34.5,XML Borehole,B34F1866_1.4.xml,3.6,4.0,Z,ZUF,100.0,,,S3,,
B34F1867,4.0,255335.0,465028.0,34.800000000000004,XML Borehole,B34F1867_1.4.xml,0.0,0.75,Z,ZMF,,,,,,
B34F1867,4.0,255335.0,465028.0,34.800000000000004,XML Borehole,B34F1867_1.4.xml,0.75,1.2,Z,ZMG,250.0,,,,,HX
B34F1867,4.0,255335.0,465028.0,34.800000000000004,XML Borehole,B34F1867_1.4.xml,1.2,2.0,Z,,,,,S1,,
B34F1867,4.0,255335.0,465028.0,34.800000000000004,XML Borehole,B34F1867_1.4.xml,2.0,4.0,Z,ZZG,380.0,,,,,
B34F1868,4.0,255969.0,465673.0,36.1,XML Borehole,B34F1868_1.4.xml,0.0,0.2,Z,,,,,,,
B34F1868,4.0,255969.0,465673.0,36.1,XML Borehole,B34F1868_1.4.xml,0.2,1.3,Z,ZMF,175.0,,,,,
B34F1868,4.0,255969.0,465673.0,36.1,XML Borehole,B34F1868_1.4.xml,1.3,4.0,Z,,,,,,,
B34F1869,3.0,255030.0,465014.0,33.8,XML Borehole,B34F1869_1.4.xml,0.0,0.6,Z,,,,,,,
B34F1869,3.0,255030.0,465014.0,33.8,XML Borehole,B34F1869_1.4.xml,0.6,0.8,V,,,,,,,
B34F1869,3.0,255030.0,465014.0,33.8,XML Borehole,B34F1869_1.4.xml,0.8,1.4000000000000001,Z,ZMF,,,,,,
B34F1869,3.0,255030.0,465014.0,33.8,XML Borehole,B34F1869_1.4.xml,1.4000000000000001,3.0,Z,ZMG,250.0,,,,,
B34F1870,4.0,255044.0,465368.0,34.5,XML Borehole,B34F1870_1.4.xml,0.0,0.2,Z,ZMG,,,,,,
B34F1870,4.0,255044.0,465368.0,34.5,XML Borehole,B34F1870_1.4.xml,0.2,0.6,Z,ZMF,190.0,,,,,
B34F1870,4.0,255044.0,465368.0,34.5,XML Borehole,B34F1870_1.4.xml,0.6,3.2,Z,,,,,,,
B34F1870,4.0,255044.0,465368.0,34.5,XML Borehole,B34F1870_1.4.xml,3.2,4.0,Z,ZZG,380.0,,,,,
B34F1871,4.2,255053.0,465628.0,34.4,XML Borehole,B34F1871_1.4.xml,0.0,0.9,Z,ZMG,,,,,,
B34F1871,4.2,255053.0,465628.0,34.4,XML Borehole,B34F1871_1.4.xml,0.9,2.0,Z,,,,,,,
B34F1871,4.2,255053.0,465628.0,34.4,XML Borehole,B34F1871_1.4.xml,2.0,3.5,Z,ZZG,350.0,,,,,
B34F1871,4.2,255053.0,465628.0,34.4,XML Borehole,B34F1871_1.4.xml,3.5,4.2,Z,,,,,,,
B34F1872,4.0,255386.0,465684.0,34.5,XML Borehole,B34F1872_1.4.xml,0.0,0.9,Z,,,,,,,
B34F1872,4.0,255386.0,465684.0,34.5,XML Borehole,B34F1872_1.4.xml,0.9,4.0,Z,ZMG,250.0,,,SX,,
B34F1873,4.0,255661.0,465706.0,34.9,XML Borehole,B34F1873_1.4.xml,0.0,0.6,Z,,,,,,,
B34F1873,4.0,255661.0,465706.0,34.9,XML Borehole,B34F1873_1.4.xml,0.6,0.9,Z,ZMF,190.0,,,,,
B34F1873,4.0,255661.0,465706.0,34.9,XML Borehole,B34F1873_1.4.xml,0.9,1.3,Z,ZZF,125.0,,,S3,,
B34F1873,4.0,255661.0,465706.0,34.9,XML Borehole,B34F1873_1.4.xml,1.3,2.4,Z,ZMG,250.0,,,,,
B34F1873,4.0,255661.0,465706.0,34.9,XML Borehole,B34F1873_1.4.xml,2.4,2.9,Z,ZZG,350.0,,,,,
B34F1873,4.0,255661.0,465706.0,34.9,XML Borehole,B34F1873_1.4.xml,2.9,4.0,Z,,,,,,,
B34F1874,4.0,255662.0,465989.0,34.300000000000004,XML Borehole,B34F1874_1.4.xml,0.0,0.8,Z,ZMG,,,,,,
B34F1874,4.0,255662.0,465989.0,34.300000000000004,XML Borehole,B34F1874_1.4.xml,0.8,1.3,Z,ZMF,175.0,,,SX,,
B34F1874,4.0,255662.0,465989.0,34.300000000000004,XML Borehole,B34F1874_1.4.xml,1.3,1.8,Z,ZMG,280.0,,,SX,,
B34F1874,4.0,255662.0,465989.0,34.300000000000004,XML Borehole,B34F1874_1.4.xml,1.8,3.5,Z,ZZG,350.0,,,,,
B34F1874,4.0,255662.0,465989.0,34.300000000000004,XML Borehole,B34F1874_1.4.xml,3.5,4.0,Z,ZUG,600.0,,,,,
B34F1875,2.9,255066.0,465989.0,33.1,XML Borehole,B34F1875_1.4.xml,0.0,0.6,Z,,,,,,,
B34F1875,2.9,255066.0,465989.0,33.1,XML Borehole,B34F1875_1.4.xml,0.6,0.85,V,,,,,,KX,
B34F1875,2.9,255066.0,465989.0,33.1,XML Borehole,B34F1875_1.4.xml,0.85,1.6,Z,ZMF,175.0,,,SX,,
B34F1875,2.9,255066.0,465989.0,33.1,XML Borehole,B34F1875_1.4.xml,1.6,2.9,Z,ZZG,380.0,,,,,
B34F1876,3.0,256974.0,465362.0,41.2,XML Borehole,B34F1876_1.4.xml,0.0,0.9,Z,ZMF,,,,,,
B34F1876,3.0,256974.0,465362.0,41.2,XML Borehole,B34F1876_1.4.xml,0.9,2.7,Z,ZMG,250.0,G1,,,KX,
B34F1876,3.0,256974.0,465362.0,41.2,XML Borehole,B34F1876_1.4.xml,2.7,3.0,K,,,G1,Z1,,,
B34F1877,2.5,256345.0,465014.0,38.300000000000004,XML Borehole,B34F1877_1.4.xml,0.0,0.9,Z,ZMF,,,,,,HX
B34F1877,2.5,256345.0,465014.0,38.300000000000004,XML Borehole,B34F1877_1.4.xml,0.9,1.35,Z,ZMG,250.0,G1,,SX,,
B34F1877,2.5,256345.0,465014.0,38.300000000000004,XML Borehole,B34F1877_1.4.xml,1.35,2.5,K,,,G1,,S3,KX,
B34F1878,2.8000000000000003,256643.0,465018.0,39.5,XML Borehole,B34F1878_1.4.xml,0.0,0.3,Z,,,,,,,
B34F1878,2.8000000000000003,256643.0,465018.0,39.5,XML Borehole,B34F1878_1.4.xml,0.3,1.2,Z,ZMF,190.0,,,,,
B34F1878,2.8000000000000003,256643.0,465018.0,39.5,XML Borehole,B34F1878_1.4.xml,1.2,2.8000000000000003,K,,,G1,Z1,,,
B34F1879,3.6,256001.0,465038.0,36.0,XML Borehole,B34F1879_1.4.xml,0.0,0.3,Z,,,,,,,
B34F1879,3.6,256001.0,465038.0,36.0,XML Borehole,B34F1879_1.4.xml,0.3,0.9,Z,ZMG,250.0,,,,,
B34F1879,3.6,256001.0,465038.0,36.0,XML Borehole,B34F1879_1.4.xml,0.9,2.4,Z,ZZG,350.0,,,,,
B34F1879,3.6,256001.0,465038.0,36.0,XML Borehole,B34F1879_1.4.xml,2.4,3.0,Z,ZUG,500.0,,,,,
B34F1879,3.6,256001.0,465038.0,36.0,XML Borehole,B34F1879_1.4.xml,3.0,3.6,Z,ZZG,350.0,,,,,H3
B34F1880,4.0,256303.0,465286.0,38.2,XML Borehole,B34F1880_1.4.xml,0.0,0.3,Z,ZMG,,,,,,
B34F1880,4.0,256303.0,465286.0,38.2,XML Borehole,B34F1880_1.4.xml,0.3,1.1,K,,,G1,Z2,,,
B34F1880,4.0,256303.0,465286.0,38.2,XML Borehole,B34F1880_1.4.xml,1.1,3.5,Z,ZMG,280.0,,,SX,,
B34F1880,4.0,256303.0,465286.0,38.2,XML Borehole,B34F1880_1.4.xml,3.5,4.0,Z,ZZG,330.0,,,,,H2
B34F1881,3.0,256363.0,465661.0,37.7,XML Borehole,B34F1881_1.4.xml,0.0,0.85,Z,ZMG,,,,,,
B34F1881,3.0,256363.0,465661.0,37.7,XML Borehole,B34F1881_1.4.xml,0.85,1.7,K,,,G1,,S3,KX,
B34F1881,3.0,256363.0,465661.0,37.7,XML Borehole,B34F1881_1.4.xml,1.7,2.1,Z,ZMG,250.0,,,S1,,
B34F1881,3.0,256363.0,465661.0,37.7,XML Borehole,B34F1881_1.4.xml,2.1,3.0,K,,,G1,Z2,,,
B34F1882,3.0,256339.0,465982.0,37.2,XML Borehole,B34F1882_1.4.xml,0.0,0.3,Z,ZMG,,,,,,
B34F1882,3.0,256339.0,465982.0,37.2,XML Borehole,B34F1882_1.4.xml,0.3,0.5,Z,ZMF,175.0,,,,,
B34F1882,3.0,256339.0,465982.0,37.2,XML Borehole,B34F1882_1.4.xml,0.5,0.8,Z,,,,,,,
B34F1882,3.0,256339.0,465982.0,37.2,XML Borehole,B34F1882_1.4.xml,0.8,3.0,K,,,G1,Z2,,,
B34F1883,2.8000000000000003,256705.0,465352.0,39.9,XML Borehole,B34F1883_1.4.xml,0.0,0.85,Z,ZMF,,,,,,
B34F1883,2.8000000000000003,256705.0,465352.0,39.9,XML Borehole,B34F1883_1.4.xml,0.85,2.8000000000000003,K,,,G1,Z2,,,
B34F1884,2.8000000000000003,256686.0,465682.0,39.1,XML Borehole,B34F1884_1.4.xml,0.0,1.1,Z,ZMF,,,,,,
B34F1884,2.8000000000000003,256686.0,465682.0,39.1,XML Borehole,B34F1884_1.4.xml,1.1,2.8000000000000003,K,,,G1,Z2,,,
B34F1885,2.8000000000000003,256679.0,465974.0,38.300000000000004,XML Borehole,B34F1885_1.4.xml,0.0,0.75,Z,ZMF,,,,,,
B34F1885,2.8000000000000003,256679.0,465974.0,38.300000000000004,XML Borehole,B34F1885_1.4.xml,0.75,2.1,K,,,G1,Z2,,,
B34F1885,2.8000000000000003,256679.0,465974.0,38.300000000000004,XML Borehole,B34F1885_1.4.xml,2.1,2.6,Z,ZMF,175.0,,,SX,,
B34F1885,2.8000000000000003,256679.0,465974.0,38.300000000000004,XML Borehole,B34F1885_1.4.xml,2.6,2.8000000000000003,K,,,G1,Z2,,,
B34F1886,2.8000000000000003,256988.0,465684.0,39.800000000000004,XML Borehole,B34F1886_1.4.xml,0.0,1.0,Z,ZMF,,,,,,
B34F1886,2.8000000000000003,256988.0,465684.0,39.800000000000004,XML Borehole,B34F1886_1.4.xml,1.0,2.8000000000000003,K,,,G1,Z1,,,
B34F1887,3.0,256019.0,465388.0,36.5,XML Borehole,B34F1887_1.4.xml,0.0,0.6,Z,ZMF,,,,,,
B34F1887,3.0,256019.0,465388.0,36.5,XML Borehole,B34F1887_1.4.xml,0.6,3.0,Z,ZMG,,,,,,
B34F1888,2.9,257654.0,465691.0,40.0,XML Borehole,B34F1888_1.4.xml,0.0,0.45,Z,ZMF,,,,,,
B34F1888,2.9,257654.0,465691.0,40.0,XML Borehole,B34F1888_1.4.xml,0.45,2.9,K,,,G1,Z2,,,
B34F1889,2.9,257987.0,465675.0,40.7,XML Borehole,B34F1889_1.4.xml,0.0,0.2,Z,,,,,,,
B34F1889,2.9,257987.0,465675.0,40.7,XML Borehole,B34F1889_1.4.xml,0.2,0.4,Z,ZMF,175.0,,,,,
B34F1889,2.9,257987.0,465675.0,40.7,XML Borehole,B34F1889_1.4.xml,0.4,1.7,K,,,G1,Z2,,,
B34F1889,2.9,257987.0,465675.0,40.7,XML Borehole,B34F1889_1.4.xml,1.7,2.0,Z,ZMG,250.0,,,SX,,
B34F1889,2.9,257987.0,465675.0,40.7,XML Borehole,B34F1889_1.4.xml,2.0,2.9,K,,,G1,,S3,KX,
B34F1890,2.8000000000000003,257649.0,465372.0,41.1,XML Borehole,B34F1890_1.4.xml,0.0,1.5,Z,ZMF,,,,,,
B34F1890,2.8000000000000003,257649.0,465372.0,41.1,XML Borehole,B34F1890_1.4.xml,1.5,2.8000000000000003,K,,,G1,,S3,KX,
B34F1891,3.3000000000000003,257683.0,465045.0,41.300000000000004,XML Borehole,B34F1891_1.4.xml,0.0,0.9,Z,ZMF,,,,,,
B34F1891,3.3000000000000003,257683.0,465045.0,41.300000000000004,XML Borehole,B34F1891_1.4.xml,0.9,3.3000000000000003,Z,ZMG,,,,,,
B34F1892,3.0,257008.0,465017.0,39.9,XML Borehole,B34F1892_1.4.xml,0.0,0.6,Z,ZMF,,,,,,
B34F1892,3.0,257008.0,465017.0,39.9,XML Borehole,B34F1892_1.4.xml,0.6,2.5,Z,ZMG,,,,,,
B34F1892,3.0,257008.0,465017.0,39.9,XML Borehole,B34F1892_1.4.xml,2.5,3.0,L,,,G1,,SX,,
B34F1893,2.4,257337.0,465709.0,39.9,XML Borehole,B34F1893_1.4.xml,0.0,0.55,Z,ZMF,,,,,,
B34F1893,2.4,257337.0,465709.0,39.9,XML Borehole,B34F1893_1.4.xml,0.55,2.4,K,,,G1,,S2,KX,
B34F1894,3.0,257350.0,465363.0,40.6,XML Borehole,B34F1894_1.4.xml,0.0,0.3,Z,,,,,,,
B34F1894,3.0,257350.0,465363.0,40.6,XML Borehole,B34F1894_1.4.xml,0.3,1.0,Z,ZMF,175.0,,,,,
B34F1894,3.0,257350.0,465363.0,40.6,XML Borehole,B34F1894_1.4.xml,1.0,1.6,Z,ZMG,250.0,,,,,
B34F1894,3.0,257350.0,465363.0,40.6,XML Borehole,B34F1894_1.4.xml,1.6,3.0,K,,,G1,,S3,KX,
B34F1895,2.7,257325.0,465959.0,39.1,XML Borehole,B34F1895_1.4.xml,0.0,0.3,K,,,,Z1,,,
B34F1895,2.7,257325.0,465959.0,39.1,XML Borehole,B34F1895_1.4.xml,0.3,0.85,K,ZMF,190.0,,Z2,,,
B34F1895,2.7,257325.0,465959.0,39.1,XML Borehole,B34F1895_1.4.xml,0.85,1.5,K,,,G1,Z2,,,
B34F1895,2.7,257325.0,465959.0,39.1,XML Borehole,B34F1895_1.4.xml,1.5,2.5,Z,ZMG,250.0,,,SX,,
B34F1895,2.7,257325.0,465959.0,39.1,XML Borehole,B34F1895_1.4.xml,2.5,2.7,K,,,G1,Z2,,,
B34F1901,2.6,258007.0,465346.0,42.4,XML Borehole,B34F1901_1.4.xml,0.0,0.9,Z,ZMF,,,,,,
B34F1901,2.6,258007.0,465346.0,42.4,XML Borehole,B34F1901_1.4.xml,0.9,1.4000000000000001,Z,ZMG,250.0,GX,,,,
B34F1901,2.6,258007.0,465346.0,42.4,XML Borehole,B34F1901_1.4.xml,1.4000000000000001,2.6,K,,,G1,ZX,S3,,
B34F1902,3.0,258014.0,465017.0,42.0,XML Borehole,B34F1902_1.4.xml,0.0,0.3,Z,ZMF,,,,,,
B34F1902,3.0,258014.0,465017.0,42.0,XML Borehole,B34F1902_1.4.xml,0.3,2.0,Z,ZMG,230.0,,,,,
B34F1902,3.0,258014.0,465017.0,42.0,XML Borehole,B34F1902_1.4.xml,2.0,3.0,K,,,G1,Z1,,,
B34F1952,7.8,252988.0,466886.0,29.2,XML Borehole,B34F1952_1.4.xml,0.0,2.0,Z,ZMF,175.0,,,,,
B34F1952,7.8,252988.0,466886.0,29.2,XML Borehole,B34F1952_1.4.xml,2.0,2.6,Z,ZMG,250.0,,,,,
B34F1952,7.8,252988.0,466886.0,29.2,XML Borehole,B34F1952_1.4.xml,2.6,2.9,Z,ZMF,175.0,,,,,
B34F1952,7.8,252988.0,466886.0,29.2,XML Borehole,B34F1952_1.4.xml,2.9,5.0,Z,ZMG,,G1,,,,
B34F1952,7.8,252988.0,466886.0,29.2,XML Borehole,B34F1952_1.4.xml,5.0,5.5,Z,ZZG,350.0,,,,,
B34F1952,7.8,252988.0,466886.0,29.2,XML Borehole,B34F1952_1.4.xml,5.5,7.8,Z,,,G3,,S1,,
B34F1953,8.0,252938.0,466037.0,29.5,XML Borehole,B34F1953_1.4.xml,0.0,1.1,Z,ZMF,175.0,,,,,
B34F1953,8.0,252938.0,466037.0,29.5,XML Borehole,B34F1953_1.4.xml,1.1,2.0,Z,ZMG,250.0,,,,,
B34F1953,8.0,252938.0,466037.0,29.5,XML Borehole,B34F1953_1.4.xml,2.0,2.3000000000000003,Z,ZZG,600.0,,,,,
B34F1953,8.0,252938.0,466037.0,29.5,XML Borehole,B34F1953_1.4.xml,2.3000000000000003,2.57,Z,ZMG,250.0,,,S1,,
B34F1953,8.0,252938.0,466037.0,29.5,XML Borehole,B34F1953_1.4.xml,2.57,3.1,Z,ZZG,350.0,,,S1,,
B34F1953,8.0,252938.0,466037.0,29.5,XML Borehole,B34F1953_1.4.xml,3.1,7.5,Z,,,,,,,
B34F1953,8.0,252938.0,466037.0,29.5,XML Borehole,B34F1953_1.4.xml,7.5,8.0,Z,ZUG,550.0,,,,,
B34F1954,5.6000000000000005,252674.0,466245.0,29.5,XML Borehole,B34F1954_1.4.xml,0.0,1.6,Z,ZMF,175.0,,,,,
B34F1954,5.6000000000000005,252674.0,466245.0,29.5,XML Borehole,B34F1954_1.4.xml,1.6,3.6,Z,ZMG,250.0,,,,,
B34F1954,5.6000000000000005,252674.0,466245.0,29.5,XML Borehole,B34F1954_1.4.xml,3.6,3.95,Z,ZUG,500.0,G3,,,KX,
B34F1954,5.6000000000000005,252674.0,466245.0,29.5,XML Borehole,B34F1954_1.4.xml,3.95,5.3,Z,ZZG,300.0,GX,,S1,,
B34F1954,5.6000000000000005,252674.0,466245.0,29.5,XML Borehole,B34F1954_1.4.xml,5.3,5.6000000000000005,K,,,,Z3,,,H3
B34F1955,5.8,252928.0,466480.0,29.6,XML Borehole,B34F1955_1.4.xml,0.0,1.2,Z,ZMF,175.0,,,,,
B34F1955,5.8,252928.0,466480.0,29.6,XML Borehole,B34F1955_1.4.xml,1.2,3.5,Z,ZMG,250.0,,,,,
B34F1955,5.8,252928.0,466480.0,29.6,XML Borehole,B34F1955_1.4.xml,3.5,4.8,Z,ZZG,300.0,,,,,
B34F1955,5.8,252928.0,466480.0,29.6,XML Borehole,B34F1955_1.4.xml,4.8,5.2,K,,,,ZX,S3,,H2
B34F1955,5.8,252928.0,466480.0,29.6,XML Borehole,B34F1955_1.4.xml,5.2,5.5,Z,ZZG,350.0,,,S1,,
B34F1955,5.8,252928.0,466480.0,29.6,XML Borehole,B34F1955_1.4.xml,5.5,5.8,K,,,,ZX,S3,,H3
B34F1956,3.8000000000000003,252684.0,466724.0,27.8,XML Borehole,B34F1956_1.4.xml,0.0,1.1,Z,ZMF,175.0,,,,,
B34F1956,3.8000000000000003,252684.0,466724.0,27.8,XML Borehole,B34F1956_1.4.xml,1.1,3.6,Z,ZMG,250.0,,,S1,,
B34F1956,3.8000000000000003,252684.0,466724.0,27.8,XML Borehole,B34F1956_1.4.xml,3.6,3.8000000000000003,V,,,,,,KX,
B34F1957,4.6000000000000005,252531.0,466535.0,27.8,XML Borehole,B34F1957_1.4.xml,0.0,0.6,Z,ZMF,175.0,,,,,
B34F1957,4.6000000000000005,252531.0,466535.0,27.8,XML Borehole,B34F1957_1.4.xml,0.6,1.3,Z,ZMG,280.0,,,,,
B34F1957,4.6000000000000005,252531.0,466535.0,27.8,XML Borehole,B34F1957_1.4.xml,1.3,1.55,Z,ZZG,,,,,,
B34F1957,4.6000000000000005,252531.0,466535.0,27.8,XML Borehole,B34F1957_1.4.xml,1.55,3.8000000000000003,Z,ZMG,300.0,,,S1,,
B34F1957,4.6000000000000005,252531.0,466535.0,27.8,XML Borehole,B34F1957_1.4.xml,3.8000000000000003,4.6000000000000005,K,,,,ZX,S1,,H2
B34F1958,2.7,252536.0,466857.0,27.5,XML Borehole,B34F1958_1.4.xml,0.0,0.6,Z,ZMF,175.0,,,,,
B34F1958,2.7,252536.0,466857.0,27.5,XML Borehole,B34F1958_1.4.xml,0.6,0.8,Z,ZMG,230.0,,,,,
B34F1958,2.7,252536.0,466857.0,27.5,XML Borehole,B34F1958_1.4.xml,0.8,1.1,Z,ZMF,190.0,,,,,
B34F1958,2.7,252536.0,466857.0,27.5,XML Borehole,B34F1958_1.4.xml,1.1,1.8,Z,ZMG,,,,,,
B34F1958,2.7,252536.0,466857.0,27.5,XML Borehole,B34F1958_1.4.xml,1.8,2.7,K,,,,Z3,SX,,H1
B34F1959,4.4,252287.0,466688.0,27.8,XML Borehole,B34F1959_1.4.xml,0.0,0.3,Z,ZMF,175.0,,,,,
B34F1959,4.4,252287.0,466688.0,27.8,XML Borehole,B34F1959_1.4.xml,0.3,0.9,Z,ZMG,250.0,,,S1,,
B34F1959,4.4,252287.0,466688.0,27.8,XML Borehole,B34F1959_1.4.xml,0.9,1.4000000000000001,Z,ZZF,125.0,,,S1,,
B34F1959,4.4,252287.0,466688.0,27.8,XML Borehole,B34F1959_1.4.xml,1.4000000000000001,2.7,Z,ZMF,175.0,,,S1,,
B34F1959,4.4,252287.0,466688.0,27.8,XML Borehole,B34F1959_1.4.xml,2.7,3.3000000000000003,Z,ZMG,250.0,,Z3,S1,,
B34F1959,4.4,252287.0,466688.0,27.8,XML Borehole,B34F1959_1.4.xml,3.3000000000000003,3.7,K,,,,Z3,,,H2
B34F1959,4.4,252287.0,466688.0,27.8,XML Borehole,B34F1959_1.4.xml,3.7,4.4,Z,ZMG,250.0,,,S1,,
B34F1960,8.0,252256.0,466295.0,28.1,XML Borehole,B34F1960_1.4.xml,0.0,1.1,Z,ZMF,175.0,,,,,
B34F1960,8.0,252256.0,466295.0,28.1,XML Borehole,B34F1960_1.4.xml,1.1,1.5,Z,ZMG,250.0,G3,,S1,,
B34F1960,8.0,252256.0,466295.0,28.1,XML Borehole,B34F1960_1.4.xml,1.5,2.4,Z,ZMF,175.0,,,S1,,
B34F1960,8.0,252256.0,466295.0,28.1,XML Borehole,B34F1960_1.4.xml,2.4,2.8000000000000003,K,,,G1,Z3,SX,,
B34F1960,8.0,252256.0,466295.0,28.1,XML Borehole,B34F1960_1.4.xml,2.8000000000000003,7.0,Z,ZZG,,G3,,,,
B34F1960,8.0,252256.0,466295.0,28.1,XML Borehole,B34F1960_1.4.xml,7.0,7.5,Z,ZMG,250.0,,,,,
B34F1960,8.0,252256.0,466295.0,28.1,XML Borehole,B34F1960_1.4.xml,7.5,8.0,Z,ZZG,,GX,,,,
B34F1962,3.8000000000000003,252483.0,466027.0,28.7,XML Borehole,B34F1962_1.4.xml,0.0,0.5,Z,ZMF,175.0,,,,,
B34F1962,3.8000000000000003,252483.0,466027.0,28.7,XML Borehole,B34F1962_1.4.xml,0.5,2.5,Z,ZMG,,,,S1,,
B34F1962,3.8000000000000003,252483.0,466027.0,28.7,XML Borehole,B34F1962_1.4.xml,2.5,2.8000000000000003,Z,ZZG,1800.0,G3,,,,
B34F1962,3.8000000000000003,252483.0,466027.0,28.7,XML Borehole,B34F1962_1.4.xml,2.8000000000000003,3.5,Z,ZMG,250.0,,,S3,,
B34F1962,3.8000000000000003,252483.0,466027.0,28.7,XML Borehole,B34F1962_1.4.xml,3.5,3.8000000000000003,K,,,,Z3,,,H3
B34F1964,6.3,253145.0,466993.0,29.0,XML Borehole,B34F1964_1.4.xml,0.0,1.1,Z,ZMF,175.0,,,,,
B34F1964,6.3,253145.0,466993.0,29.0,XML Borehole,B34F1964_1.4.xml,1.1,2.0,Z,ZMG,230.0,,,,,
B34F1964,6.3,253145.0,466993.0,29.0,XML Borehole,B34F1964_1.4.xml,2.0,2.9,Z,ZMF,210.0,,,S1,,
B34F1964,6.3,253145.0,466993.0,29.0,XML Borehole,B34F1964_1.4.xml,2.9,5.0,Z,ZZG,,G3,Z3,,,
B34F1964,6.3,253145.0,466993.0,29.0,XML Borehole,B34F1964_1.4.xml,5.0,5.3,G,,,GX,,,,
B34F1964,6.3,253145.0,466993.0,29.0,XML Borehole,B34F1964_1.4.xml,5.3,6.3,Z,ZZG,1800.0,G3,,,,
B34F1965,7.5,253205.0,466638.0,29.5,XML Borehole,B34F1965_1.4.xml,0.0,0.6,Z,ZMF,175.0,,,,,
B34F1965,7.5,253205.0,466638.0,29.5,XML Borehole,B34F1965_1.4.xml,0.6,4.4,Z,ZMG,,,,,,H1
B34F1965,7.5,253205.0,466638.0,29.5,XML Borehole,B34F1965_1.4.xml,4.4,4.75,K,,,,ZX,S3,,
B34F1965,7.5,253205.0,466638.0,29.5,XML Borehole,B34F1965_1.4.xml,4.75,5.0,Z,ZMG,380.0,,,,,
B34F1965,7.5,253205.0,466638.0,29.5,XML Borehole,B34F1965_1.4.xml,5.0,7.25,Z,ZZG,900.0,,,,,
B34F1965,7.5,253205.0,466638.0,29.5,XML Borehole,B34F1965_1.4.xml,7.25,7.5,K,,,,Z3,,,
B34F1966,5.5,253421.0,466809.0,29.3,XML Borehole,B34F1966_1.4.xml,0.0,1.4000000000000001,Z,ZMF,175.0,,,,,
B34F1966,5.5,253421.0,466809.0,29.3,XML Borehole,B34F1966_1.4.xml,1.4000000000000001,5.3,Z,ZMG,,,Z3,S1,,
B34F1966,5.5,253421.0,466809.0,29.3,XML Borehole,B34F1966_1.4.xml,5.3,5.5,Z,ZZG,900.0,G3,,,,
B34F1967,4.2,253166.0,466230.0,29.3,XML Borehole,B34F1967_1.4.xml,0.0,1.0,Z,ZMF,175.0,,,S1,,
B34F1967,4.2,253166.0,466230.0,29.3,XML Borehole,B34F1967_1.4.xml,1.0,3.5,Z,ZMG,,,,S1,,
B34F1967,4.2,253166.0,466230.0,29.3,XML Borehole,B34F1967_1.4.xml,3.5,4.2,K,,,,ZX,S3,,H3
B34F1968,4.6000000000000005,253397.0,466403.0,28.900000000000002,XML Borehole,B34F1968_1.4.xml,0.0,0.3,Z,ZMF,175.0,,,,,
B34F1968,4.6000000000000005,253397.0,466403.0,28.900000000000002,XML Borehole,B34F1968_1.4.xml,0.3,2.5,Z,ZMG,250.0,,,S1,,
B34F1968,4.6000000000000005,253397.0,466403.0,28.900000000000002,XML Borehole,B34F1968_1.4.xml,2.5,3.0,Z,ZZF,125.0,,,S3,,
B34F1968,4.6000000000000005,253397.0,466403.0,28.900000000000002,XML Borehole,B34F1968_1.4.xml,3.0,3.5,K,,,,Z3,SX,,H2
B34F1968,4.6000000000000005,253397.0,466403.0,28.900000000000002,XML Borehole,B34F1968_1.4.xml,3.5,4.0,Z,ZMG,300.0,,,SX,,
B34F1968,4.6000000000000005,253397.0,466403.0,28.900000000000002,XML Borehole,B34F1968_1.4.xml,4.0,4.6000000000000005,K,,,,Z3,SX,,H3
B34F1969,2.91,253356.0,466008.0,29.900000000000002,XML Borehole,B34F1969_1.4.xml,0.0,1.3,Z,ZMG,250.0,,,,,
B34F1969,2.91,253356.0,466008.0,29.900000000000002,XML Borehole,B34F1969_1.4.xml,1.3,2.2,Z,ZMF,,,,S1,,
B34F1969,2.91,253356.0,466008.0,29.900000000000002,XML Borehole,B34F1969_1.4.xml,2.2,2.91,Z,ZMG,250.0,,,S1,,
B34F1970,1.9000000000000001,253633.0,466251.0,29.7,XML Borehole,B34F1970_1.4.xml,0.0,0.2,Z,ZMF,175.0,,,,,
B34F1970,1.9000000000000001,253633.0,466251.0,29.7,XML Borehole,B34F1970_1.4.xml,0.2,1.9000000000000001,Z,ZMG,230.0,G1,,,,
B34F1971,4.0,253693.0,466615.0,29.7,XML Borehole,B34F1971_1.4.xml,0.0,0.8,Z,ZMF,175.0,,,,,
B34F1971,4.0,253693.0,466615.0,29.7,XML Borehole,B34F1971_1.4.xml,0.8,2.1,Z,ZMG,250.0,,,,,
B34F1971,4.0,253693.0,466615.0,29.7,XML Borehole,B34F1971_1.4.xml,2.1,3.6,Z,ZMF,200.0,,,,,
B34F1971,4.0,253693.0,466615.0,29.7,XML Borehole,B34F1971_1.4.xml,3.6,4.0,K,,,,Z3,SX,,H2
B34F1972,4.0,253902.0,466471.0,30.400000000000002,XML Borehole,B34F1972_1.4.xml,0.0,0.7000000000000001,Z,ZMF,190.0,,,,,
B34F1972,4.0,253902.0,466471.0,30.400000000000002,XML Borehole,B34F1972_1.4.xml,0.7000000000000001,1.2,Z,ZMG,230.0,,,,,
B34F1972,4.0,253902.0,466471.0,30.400000000000002,XML Borehole,B34F1972_1.4.xml,1.2,1.45,Z,ZMF,190.0,,,,,
B34F1972,4.0,253902.0,466471.0,30.400000000000002,XML Borehole,B34F1972_1.4.xml,1.45,2.05,Z,ZMG,230.0,,,,,
B34F1972,4.0,253902.0,466471.0,30.400000000000002,XML Borehole,B34F1972_1.4.xml,2.05,3.0,Z,,,,,,,
B34F1972,4.0,253902.0,466471.0,30.400000000000002,XML Borehole,B34F1972_1.4.xml,3.0,3.6,K,,,,Z3,SX,,
B34F1972,4.0,253902.0,466471.0,30.400000000000002,XML Borehole,B34F1972_1.4.xml,3.6,4.0,Z,ZMG,280.0,,,S1,,
B34F1973,4.0,253988.0,466988.0,31.2,XML Borehole,B34F1973_1.4.xml,0.0,0.2,Z,,,,,,,
B34F1973,4.0,253988.0,466988.0,31.2,XML Borehole,B34F1973_1.4.xml,0.2,1.2,Z,ZMF,190.0,,,,,
B34F1973,4.0,253988.0,466988.0,31.2,XML Borehole,B34F1973_1.4.xml,1.2,2.1,Z,ZMG,250.0,,,,,
B34F1973,4.0,253988.0,466988.0,31.2,XML Borehole,B34F1973_1.4.xml,2.1,4.0,Z,,,,,,,
B34F1974,4.0,253633.0,466984.0,29.900000000000002,XML Borehole,B34F1974_1.4.xml,0.0,0.6,Z,,,,,,,
B34F1974,4.0,253633.0,466984.0,29.900000000000002,XML Borehole,B34F1974_1.4.xml,0.6,1.8,Z,ZMG,250.0,,,,,
B34F1974,4.0,253633.0,466984.0,29.900000000000002,XML Borehole,B34F1974_1.4.xml,1.8,2.4,K,,,G1,Z2,,,
B34F1974,4.0,253633.0,466984.0,29.900000000000002,XML Borehole,B34F1974_1.4.xml,2.4,2.7,Z,ZMF,175.0,,,S1,,
B34F1974,4.0,253633.0,466984.0,29.900000000000002,XML Borehole,B34F1974_1.4.xml,2.7,3.0,L,,,,,SX,,
B34F1974,4.0,253633.0,466984.0,29.900000000000002,XML Borehole,B34F1974_1.4.xml,3.0,4.0,Z,ZUG,550.0,,,,,
B34F1975,4.0,254112.0,466477.0,31.6,XML Borehole,B34F1975_1.4.xml,0.0,0.2,Z,ZMF,175.0,,,,,
B34F1975,4.0,254112.0,466477.0,31.6,XML Borehole,B34F1975_1.4.xml,0.2,3.5,Z,ZMG,,,,,,
B34F1975,4.0,254112.0,466477.0,31.6,XML Borehole,B34F1975_1.4.xml,3.5,4.0,K,,,,ZX,SX,,H2
B34F1976,4.0,254653.0,466375.0,32.6,XML Borehole,B34F1976_1.4.xml,0.0,1.3,Z,ZMF,,,,,,
B34F1976,4.0,254653.0,466375.0,32.6,XML Borehole,B34F1976_1.4.xml,1.3,1.6,Z,ZZF,125.0,,,SX,,
B34F1976,4.0,254653.0,466375.0,32.6,XML Borehole,B34F1976_1.4.xml,1.6,3.7,Z,,,,,,,
B34F1976,4.0,254653.0,466375.0,32.6,XML Borehole,B34F1976_1.4.xml,3.7,4.0,Z,ZMG,280.0,,,,,
B34F1977,4.0,254340.0,466337.0,32.9,XML Borehole,B34F1977_1.4.xml,0.0,0.2,Z,ZMG,,,,,,
B34F1977,4.0,254340.0,466337.0,32.9,XML Borehole,B34F1977_1.4.xml,0.2,0.6,Z,ZMF,175.0,,,,,
B34F1977,4.0,254340.0,466337.0,32.9,XML Borehole,B34F1977_1.4.xml,0.6,1.6,Z,,,,,,,
B34F1977,4.0,254340.0,466337.0,32.9,XML Borehole,B34F1977_1.4.xml,1.6,4.0,Z,ZMG,250.0,,,,,
B34F1978,4.0,254670.0,466046.0,33.1,XML Borehole,B34F1978_1.4.xml,0.0,0.4,Z,,,,,,,
B34F1978,4.0,254670.0,466046.0,33.1,XML Borehole,B34F1978_1.4.xml,0.4,1.8,K,ZMG,250.0,,Z2,,,
B34F1978,4.0,254670.0,466046.0,33.1,XML Borehole,B34F1978_1.4.xml,1.8,4.0,Z,,,,,,,
B34F1979,4.0,254954.0,466980.0,32.4,XML Borehole,B34F1979_1.4.xml,0.0,1.0,Z,,,,,,,
B34F1979,4.0,254954.0,466980.0,32.4,XML Borehole,B34F1979_1.4.xml,1.0,4.0,Z,ZMG,250.0,,,,,
B34F1980,4.0,254634.0,466985.0,32.4,XML Borehole,B34F1980_1.4.xml,0.0,0.9,Z,ZMF,,,,,,
B34F1980,4.0,254634.0,466985.0,32.4,XML Borehole,B34F1980_1.4.xml,0.9,4.0,Z,,,,,SX,,
B34F1981,4.0,254648.0,466665.0,34.0,XML Borehole,B34F1981_1.4.xml,0.0,1.0,Z,,,,,,,
B34F1981,4.0,254648.0,466665.0,34.0,XML Borehole,B34F1981_1.4.xml,1.0,1.4000000000000001,Z,ZMG,250.0,,,,,
B34F1981,4.0,254648.0,466665.0,34.0,XML Borehole,B34F1981_1.4.xml,1.4000000000000001,2.4,Z,,,,,,,
B34F1981,4.0,254648.0,466665.0,34.0,XML Borehole,B34F1981_1.4.xml,2.4,4.0,Z,ZMF,175.0,,,SX,,
B34F1982,4.0,254304.0,466978.0,31.3,XML Borehole,B34F1982_1.4.xml,0.0,1.1,Z,ZMF,175.0,,,,,
B34F1982,4.0,254304.0,466978.0,31.3,XML Borehole,B34F1982_1.4.xml,1.1,2.8000000000000003,Z,ZMG,280.0,,,,,
B34F1982,4.0,254304.0,466978.0,31.3,XML Borehole,B34F1982_1.4.xml,2.8000000000000003,4.0,Z,ZZG,380.0,,,,,
B34F1983,4.0,254266.0,466715.0,32.3,XML Borehole,B34F1983_1.4.xml,0.0,1.6,Z,ZMF,,,,,,
B34F1983,4.0,254266.0,466715.0,32.3,XML Borehole,B34F1983_1.4.xml,1.6,4.0,Z,,,,,,,
B34F1984,4.0,254013.0,466736.0,31.2,XML Borehole,B34F1984_1.4.xml,0.0,1.8,Z,ZMF,,,,,,
B34F1984,4.0,254013.0,466736.0,31.2,XML Borehole,B34F1984_1.4.xml,1.8,3.5,Z,ZMG,250.0,,,,,
B34F1984,4.0,254013.0,466736.0,31.2,XML Borehole,B34F1984_1.4.xml,3.5,4.0,Z,,,,,,,
B34F1985,4.0,255348.0,466365.0,33.4,XML Borehole,B34F1985_1.4.xml,0.0,0.2,Z,,,,,,,
B34F1985,4.0,255348.0,466365.0,33.4,XML Borehole,B34F1985_1.4.xml,0.2,1.5,Z,ZMF,190.0,,,,,
B34F1985,4.0,255348.0,466365.0,33.4,XML Borehole,B34F1985_1.4.xml,1.5,1.8,Z,ZMG,,,,S1,,
B34F1985,4.0,255348.0,466365.0,33.4,XML Borehole,B34F1985_1.4.xml,1.8,2.9,Z,,,,,SX,,
B34F1985,4.0,255348.0,466365.0,33.4,XML Borehole,B34F1985_1.4.xml,2.9,4.0,Z,ZMG,250.0,,,,,H2
B34F1986,3.0,255357.0,466690.0,33.4,XML Borehole,B34F1986_1.4.xml,0.0,1.1,Z,ZMF,,,,,,
B34F1986,3.0,255357.0,466690.0,33.4,XML Borehole,B34F1986_1.4.xml,1.1,1.6,Z,ZZG,350.0,,,,,
B34F1986,3.0,255357.0,466690.0,33.4,XML Borehole,B34F1986_1.4.xml,1.6,2.7,Z,,,,,SX,,
B34F1986,3.0,255357.0,466690.0,33.4,XML Borehole,B34F1986_1.4.xml,2.7,3.0,L,,,,,SX,,HX
B34F1987,3.0,255007.0,466332.0,32.8,XML Borehole,B34F1987_1.4.xml,0.0,1.2,Z,ZMF,190.0,,,,,
B34F1987,3.0,255007.0,466332.0,32.8,XML Borehole,B34F1987_1.4.xml,1.2,2.0,Z,ZMG,280.0,,,SX,,
B34F1987,3.0,255007.0,466332.0,32.8,XML Borehole,B34F1987_1.4.xml,2.0,3.0,Z,,,,,,,
B34F1988,3.92,255324.0,466015.0,33.3,XML Borehole,B34F1988_1.4.xml,0.0,3.2,Z,,,,,,,
B34F1988,3.92,255324.0,466015.0,33.3,XML Borehole,B34F1988_1.4.xml,3.2,3.92,Z,ZUG,650.0,,,,,
B34F1989,4.0,255642.0,466663.0,34.300000000000004,XML Borehole,B34F1989_1.4.xml,0.0,0.3,Z,ZMG,,,,,,
B34F1989,4.0,255642.0,466663.0,34.300000000000004,XML Borehole,B34F1989_1.4.xml,0.3,0.7000000000000001,Z,ZMF,175.0,,,,,
B34F1989,4.0,255642.0,466663.0,34.300000000000004,XML Borehole,B34F1989_1.4.xml,0.7000000000000001,2.1,Z,ZMG,250.0,,,,,
B34F1989,4.0,255642.0,466663.0,34.300000000000004,XML Borehole,B34F1989_1.4.xml,2.1,4.0,Z,ZZG,350.0,,,,,
B34F1990,4.0,255640.0,466348.0,34.5,XML Borehole,B34F1990_1.4.xml,0.0,0.3,Z,ZMG,,,,,,
B34F1990,4.0,255640.0,466348.0,34.5,XML Borehole,B34F1990_1.4.xml,0.3,1.1,Z,ZMF,190.0,,,,,
B34F1990,4.0,255640.0,466348.0,34.5,XML Borehole,B34F1990_1.4.xml,1.1,1.7,K,,,,Z2,,,
B34F1990,4.0,255640.0,466348.0,34.5,XML Borehole,B34F1990_1.4.xml,1.7,3.0,Z,ZMG,280.0,,,,,
B34F1990,4.0,255640.0,466348.0,34.5,XML Borehole,B34F1990_1.4.xml,3.0,3.7,Z,ZUG,1250.0,,,,,
B34F1990,4.0,255640.0,466348.0,34.5,XML Borehole,B34F1990_1.4.xml,3.7,4.0,Z,,,,,,,
B34F1991,4.0,255643.0,466994.0,33.9,XML Borehole,B34F1991_1.4.xml,0.0,0.6,Z,ZMF,,,,,,
B34F1991,4.0,255643.0,466994.0,33.9,XML Borehole,B34F1991_1.4.xml,0.6,3.0,Z,,,,,,,
B34F1991,4.0,255643.0,466994.0,33.9,XML Borehole,B34F1991_1.4.xml,3.0,4.0,Z,ZZG,380.0,,,,,
B34F1992,4.0,255010.0,466748.0,32.9,XML Borehole,B34F1992_1.4.xml,0.0,0.8,Z,ZMF,175.0,,,,,
B34F1992,4.0,255010.0,466748.0,32.9,XML Borehole,B34F1992_1.4.xml,0.8,3.5,Z,,,,,,,
B34F1992,4.0,255010.0,466748.0,32.9,XML Borehole,B34F1992_1.4.xml,3.5,4.0,L,,,,,SX,,H3
B34F1993,4.0,256322.0,466332.0,37.0,XML Borehole,B34F1993_1.4.xml,0.0,0.5,Z,,,,,,,
B34F1993,4.0,256322.0,466332.0,37.0,XML Borehole,B34F1993_1.4.xml,0.5,1.1,Z,ZMF,175.0,,,,,
B34F1993,4.0,256322.0,466332.0,37.0,XML Borehole,B34F1993_1.4.xml,1.1,1.8,Z,ZUG,480.0,,,,,
B34F1993,4.0,256322.0,466332.0,37.0,XML Borehole,B34F1993_1.4.xml,1.8,4.0,Z,,,,,,,
B34F1994,4.0,256326.0,466679.0,35.1,XML Borehole,B34F1994_1.4.xml,0.0,0.5,Z,,,,,,,
B34F1994,4.0,256326.0,466679.0,35.1,XML Borehole,B34F1994_1.4.xml,0.5,4.0,Z,ZMG,250.0,,,,,
B34F1995,1.8,256684.0,466347.0,37.7,XML Borehole,B34F1995_1.4.xml,0.0,0.7000000000000001,Z,ZMF,175.0,,,,,
B34F1995,1.8,256684.0,466347.0,37.7,XML Borehole,B34F1995_1.4.xml,0.7000000000000001,1.8,K,,,G1,Z2,,,
B34F1996,4.0,256969.0,466766.0,38.6,XML Borehole,B34F1996_1.4.xml,0.0,3.0,Z,ZMF,,,,,,
B34F1996,4.0,256969.0,466766.0,38.6,XML Borehole,B34F1996_1.4.xml,3.0,4.0,Z,,,,,,,
B34F1997,4.2,256598.0,466663.0,35.9,XML Borehole,B34F1997_1.4.xml,0.0,0.8,Z,ZMF,175.0,,,,,H2
B34F1997,4.2,256598.0,466663.0,35.9,XML Borehole,B34F1997_1.4.xml,0.8,1.5,Z,,,G1,,SX,,
B34F1997,4.2,256598.0,466663.0,35.9,XML Borehole,B34F1997_1.4.xml,1.5,1.8,Z,ZMG,250.0,,,SX,,
B34F1997,4.2,256598.0,466663.0,35.9,XML Borehole,B34F1997_1.4.xml,1.8,3.5,Z,,,,,,,
B34F1997,4.2,256598.0,466663.0,35.9,XML Borehole,B34F1997_1.4.xml,3.5,4.2,Z,ZZG,380.0,,,,,
B34F1998,3.6,256983.0,466318.0,37.800000000000004,XML Borehole,B34F1998_1.4.xml,0.0,0.7000000000000001,Z,ZMF,175.0,,,,,
B34F1998,3.6,256983.0,466318.0,37.800000000000004,XML Borehole,B34F1998_1.4.xml,0.7000000000000001,1.8,K,,,G1,,S3,KX,
B34F1998,3.6,256983.0,466318.0,37.800000000000004,XML Borehole,B34F1998_1.4.xml,1.8,3.2,Z,ZZG,380.0,,,,,
B34F1998,3.6,256983.0,466318.0,37.800000000000004,XML Borehole,B34F1998_1.4.xml,3.2,3.6,K,,,,Z2,,,
B34F1999,2.8000000000000003,256988.0,466011.0,38.5,XML Borehole,B34F1999_1.4.xml,0.0,0.7000000000000001,Z,ZMF,,,,,,
B34F1999,2.8000000000000003,256988.0,466011.0,38.5,XML Borehole,B34F1999_1.4.xml,0.7000000000000001,1.7,K,,,G1,Z2,,,
B34F1999,2.8000000000000003,256988.0,466011.0,38.5,XML Borehole,B34F1999_1.4.xml,1.7,1.9000000000000001,Z,ZMF,190.0,,,SX,,
B34F1999,2.8000000000000003,256988.0,466011.0,38.5,XML Borehole,B34F1999_1.4.xml,1.9000000000000001,2.8000000000000003,Z,,,,,,,
B34F2000,3.0300000000000002,256007.0,466012.0,35.800000000000004,XML Borehole,B34F2000_1.4.xml,0.0,0.8,Z,ZMF,,,,,,
B34F2000,3.0300000000000002,256007.0,466012.0,35.800000000000004,XML Borehole,B34F2000_1.4.xml,0.8,1.2,Z,ZMG,250.0,,,,,
B34F2000,3.0300000000000002,256007.0,466012.0,35.800000000000004,XML Borehole,B34F2000_1.4.xml,1.2,1.7,Z,ZMF,175.0,,,,,
B34F2000,3.0300000000000002,256007.0,466012.0,35.800000000000004,XML Borehole,B34F2000_1.4.xml,1.7,3.0300000000000002,L,,,,Z1,SX,,HX
B34F2001,3.0,256003.0,466337.0,36.0,XML Borehole,B34F2001_1.4.xml,0.0,1.8,Z,ZMF,,,,,,HX
B34F2001,3.0,256003.0,466337.0,36.0,XML Borehole,B34F2001_1.4.xml,1.8,2.7,Z,ZMG,250.0,,,,,
B34F2001,3.0,256003.0,466337.0,36.0,XML Borehole,B34F2001_1.4.xml,2.7,3.0,L,,,,,SX,,
B34F2002,4.0,256003.0,466643.0,35.6,XML Borehole,B34F2002_1.4.xml,0.0,1.8,Z,ZMF,175.0,,,,,
B34F2002,4.0,256003.0,466643.0,35.6,XML Borehole,B34F2002_1.4.xml,1.8,4.0,Z,ZMG,250.0,,,,,
B34F2003,4.0,256650.0,466968.0,36.6,XML Borehole,B34F2003_1.4.xml,0.0,2.5,Z,ZMF,175.0,,,S1,,
B34F2003,4.0,256650.0,466968.0,36.6,XML Borehole,B34F2003_1.4.xml,2.5,2.9,L,,,,ZX,SX,,
B34F2003,4.0,256650.0,466968.0,36.6,XML Borehole,B34F2003_1.4.xml,2.9,4.0,Z,ZZG,350.0,,,,,
B34F2004,3.8000000000000003,257709.0,466324.0,38.2,XML Borehole,B34F2004_1.4.xml,0.0,0.2,Z,ZMG,,,,,,
B34F2004,3.8000000000000003,257709.0,466324.0,38.2,XML Borehole,B34F2004_1.4.xml,0.2,0.5,Z,ZMF,175.0,,,,,
B34F2004,3.8000000000000003,257709.0,466324.0,38.2,XML Borehole,B34F2004_1.4.xml,0.5,0.7000000000000001,Z,ZMG,250.0,,,SX,,
B34F2004,3.8000000000000003,257709.0,466324.0,38.2,XML Borehole,B34F2004_1.4.xml,0.7000000000000001,1.1500000000000001,Z,,,,,,,
B34F2004,3.8000000000000003,257709.0,466324.0,38.2,XML Borehole,B34F2004_1.4.xml,1.1500000000000001,1.9000000000000001,Z,ZMG,250.0,,,SX,,H3
B34F2004,3.8000000000000003,257709.0,466324.0,38.2,XML Borehole,B34F2004_1.4.xml,1.9000000000000001,2.2,L,,,,,SX,,HX
B34F2004,3.8000000000000003,257709.0,466324.0,38.2,XML Borehole,B34F2004_1.4.xml,2.2,3.2,Z,ZMF,175.0,,,SX,,
B34F2004,3.8000000000000003,257709.0,466324.0,38.2,XML Borehole,B34F2004_1.4.xml,3.2,3.8000000000000003,L,,,,,S3,,
B34F2005,2.0,257692.0,466013.0,39.300000000000004,XML Borehole,B34F2005_1.4.xml,0.0,0.3,Z,,,,,,,
B34F2005,2.0,257692.0,466013.0,39.300000000000004,XML Borehole,B34F2005_1.4.xml,0.3,0.7000000000000001,Z,ZMF,190.0,,,SX,,
B34F2005,2.0,257692.0,466013.0,39.300000000000004,XML Borehole,B34F2005_1.4.xml,0.7000000000000001,1.35,Z,,,GX,,,,
B34F2005,2.0,257692.0,466013.0,39.300000000000004,XML Borehole,B34F2005_1.4.xml,1.35,2.0,K,,,G1,,S3,KX,
B34F2006,3.0,257866.0,466045.0,40.2,XML Borehole,B34F2006_1.4.xml,0.0,2.0,Z,ZMG,,,,,,
B34F2006,3.0,257866.0,466045.0,40.2,XML Borehole,B34F2006_1.4.xml,2.0,3.0,Z,ZUG,500.0,,,,,
B34F2007,3.0,257988.0,466014.0,39.1,XML Borehole,B34F2007_1.4.xml,0.0,0.4,Z,,,,,,,
B34F2007,3.0,257988.0,466014.0,39.1,XML Borehole,B34F2007_1.4.xml,0.4,0.9,Z,ZMG,250.0,,,,,
B34F2007,3.0,257988.0,466014.0,39.1,XML Borehole,B34F2007_1.4.xml,0.9,1.1,Z,ZMF,175.0,,,,,
B34F2007,3.0,257988.0,466014.0,39.1,XML Borehole,B34F2007_1.4.xml,1.1,2.4,Z,ZMG,250.0,,,,,
B34F2007,3.0,257988.0,466014.0,39.1,XML Borehole,B34F2007_1.4.xml,2.4,2.6,Z,ZUG,450.0,,,,,H2
B34F2007,3.0,257988.0,466014.0,39.1,XML Borehole,B34F2007_1.4.xml,2.6,3.0,K,,,G1,,S3,KX,
B34F2008,4.2,257040.0,466957.0,37.1,XML Borehole,B34F2008_1.4.xml,0.0,0.3,Z,,,,,,,
B34F2008,4.2,257040.0,466957.0,37.1,XML Borehole,B34F2008_1.4.xml,0.3,0.7000000000000001,Z,ZMF,175.0,,,,,
B34F2008,4.2,257040.0,466957.0,37.1,XML Borehole,B34F2008_1.4.xml,0.7000000000000001,2.9,Z,,,,,,,
B34F2008,4.2,257040.0,466957.0,37.1,XML Borehole,B34F2008_1.4.xml,2.9,3.12,L,,,,,SX,,H2
B34F2008,4.2,257040.0,466957.0,37.1,XML Borehole,B34F2008_1.4.xml,3.12,3.6,Z,ZZG,380.0,,,,,
B34F2008,4.2,257040.0,466957.0,37.1,XML Borehole,B34F2008_1.4.xml,3.6,3.8000000000000003,L,,,,,SX,,H2
B34F2008,4.2,257040.0,466957.0,37.1,XML Borehole,B34F2008_1.4.xml,3.8000000000000003,4.2,Z,ZMG,280.0,,,,,
B34F2009,4.0,257331.0,466985.0,37.6,XML Borehole,B34F2009_1.4.xml,0.0,0.8,Z,ZMF,,,,,,
B34F2009,4.0,257331.0,466985.0,37.6,XML Borehole,B34F2009_1.4.xml,0.8,1.2,Z,ZMG,230.0,,,,,
B34F2009,4.0,257331.0,466985.0,37.6,XML Borehole,B34F2009_1.4.xml,1.2,1.8,L,,,,,SX,,
B34F2009,4.0,257331.0,466985.0,37.6,XML Borehole,B34F2009_1.4.xml,1.8,2.2,L,ZMG,250.0,,,,,
B34F2009,4.0,257331.0,466985.0,37.6,XML Borehole,B34F2009_1.4.xml,2.2,2.5,Z,ZMF,160.0,GX,,SX,,H2
B34F2009,4.0,257331.0,466985.0,37.6,XML Borehole,B34F2009_1.4.xml,2.5,2.9,L,,,,,SX,,
B34F2009,4.0,257331.0,466985.0,37.6,XML Borehole,B34F2009_1.4.xml,2.9,4.0,L,ZZG,380.0,GX,,,,
B34F2010,2.8000000000000003,257691.0,466988.0,38.800000000000004,XML Borehole,B34F2010_1.4.xml,0.0,0.6,Z,ZMG,,,,,,
B34F2010,2.8000000000000003,257691.0,466988.0,38.800000000000004,XML Borehole,B34F2010_1.4.xml,0.6,0.9,Z,ZMF,175.0,,,,,
B34F2010,2.8000000000000003,257691.0,466988.0,38.800000000000004,XML Borehole,B34F2010_1.4.xml,0.9,1.2,Z,ZZF,125.0,,,,,
B34F2010,2.8000000000000003,257691.0,466988.0,38.800000000000004,XML Borehole,B34F2010_1.4.xml,1.2,2.8000000000000003,K,,,G1,Z2,,,
B34F2011,4.0,257010.0,466669.0,36.5,XML Borehole,B34F2011_1.4.xml,0.0,0.2,Z,ZMG,,,,,,
B34F2011,4.0,257010.0,466669.0,36.5,XML Borehole,B34F2011_1.4.xml,0.2,0.6,L,,,,,SX,,H2
B34F2011,4.0,257010.0,466669.0,36.5,XML Borehole,B34F2011_1.4.xml,0.6,1.1,Z,ZMF,190.0,,,S1,,
B34F2011,4.0,257010.0,466669.0,36.5,XML Borehole,B34F2011_1.4.xml,1.1,1.7,Z,ZZF,125.0,,,,,H2
B34F2011,4.0,257010.0,466669.0,36.5,XML Borehole,B34F2011_1.4.xml,1.7,2.2,Z,,,,,,,
B34F2011,4.0,257010.0,466669.0,36.5,XML Borehole,B34F2011_1.4.xml,2.2,3.0,Z,ZMG,250.0,,,SX,,H2
B34F2011,4.0,257010.0,466669.0,36.5,XML Borehole,B34F2011_1.4.xml,3.0,4.0,Z,,,,,,,
B34F2012,3.2,257328.0,466662.0,36.6,XML Borehole,B34F2012_1.4.xml,0.0,0.3,Z,,,,,,,
B34F2012,3.2,257328.0,466662.0,36.6,XML Borehole,B34F2012_1.4.xml,0.3,0.9,Z,ZMF,190.0,,,,,
B34F2012,3.2,257328.0,466662.0,36.6,XML Borehole,B34F2012_1.4.xml,0.9,1.6,Z,ZZG,380.0,G1,,,,
B34F2012,3.2,257328.0,466662.0,36.6,XML Borehole,B34F2012_1.4.xml,1.6,3.0,Z,,,,,,,
B34F2012,3.2,257328.0,466662.0,36.6,XML Borehole,B34F2012_1.4.xml,3.0,3.2,K,,,,,S1,KX,
B34F2013,4.2,257331.0,466348.0,37.6,XML Borehole,B34F2013_1.4.xml,0.0,1.1,Z,ZMF,,,,,,
B34F2013,4.2,257331.0,466348.0,37.6,XML Borehole,B34F2013_1.4.xml,1.1,3.8000000000000003,Z,ZMG,250.0,,,,,
B34F2013,4.2,257331.0,466348.0,37.6,XML Borehole,B34F2013_1.4.xml,3.8000000000000003,4.2,Z,ZZG,350.0,,,,,
B34F2018,3.0,258032.0,466312.0,39.6,XML Borehole,B34F2018_1.4.xml,0.0,0.5,Z,ZMF,,,,,,
B34F2018,3.0,258032.0,466312.0,39.6,XML Borehole,B34F2018_1.4.xml,0.5,1.4000000000000001,Z,ZMG,230.0,G1,,SX,,
B34F2018,3.0,258032.0,466312.0,39.6,XML Borehole,B34F2018_1.4.xml,1.4000000000000001,3.0,K,,,G1,,S3,KX,
B34F2019,3.0,258032.0,466666.0,39.6,XML Borehole,B34F2019_1.4.xml,0.0,0.5,K,,,,,S2,KX,
B34F2019,3.0,258032.0,466666.0,39.6,XML Borehole,B34F2019_1.4.xml,0.5,0.9,Z,ZMG,250.0,,,,,
B34F2019,3.0,258032.0,466666.0,39.6,XML Borehole,B34F2019_1.4.xml,0.9,1.1,Z,,,,,,,
B34F2019,3.0,258032.0,466666.0,39.6,XML Borehole,B34F2019_1.4.xml,1.1,2.0,K,,,G1,,S3,KX,
B34F2019,3.0,258032.0,466666.0,39.6,XML Borehole,B34F2019_1.4.xml,2.0,3.0,Z,ZMG,230.0,,,S3,,
B34F2020,2.6,258045.0,466960.0,41.0,XML Borehole,B34F2020_1.4.xml,0.0,1.1,Z,ZMG,,,,,,
B34F2020,2.6,258045.0,466960.0,41.0,XML Borehole,B34F2020_1.4.xml,1.1,1.8,Z,,,,,,,
B34F2020,2.6,258045.0,466960.0,41.0,XML Borehole,B34F2020_1.4.xml,1.8,2.6,K,,,,Z2,,,
B34F2071,2.6,252328.0,467496.0,27.3,XML Borehole,B34F2071_1.4.xml,0.0,1.45,Z,ZMF,,,,S1,,H3
B34F2071,2.6,252328.0,467496.0,27.3,XML Borehole,B34F2071_1.4.xml,1.45,2.2,Z,ZMG,250.0,,,SX,,
B34F2071,2.6,252328.0,467496.0,27.3,XML Borehole,B34F2071_1.4.xml,2.2,2.6,K,,,GX,ZX,S3,,
B34F2073,4.0,252586.0,467292.0,27.3,XML Borehole,B34F2073_1.4.xml,0.0,0.5,Z,ZMF,175.0,,,SX,,H3
B34F2073,4.0,252586.0,467292.0,27.3,XML Borehole,B34F2073_1.4.xml,0.5,0.9,Z,ZMG,250.0,,,S1,,
B34F2073,4.0,252586.0,467292.0,27.3,XML Borehole,B34F2073_1.4.xml,0.9,1.7,Z,ZMF,200.0,,,S1,,
B34F2073,4.0,252586.0,467292.0,27.3,XML Borehole,B34F2073_1.4.xml,1.7,3.3000000000000003,Z,ZMG,250.0,,,,,
B34F2073,4.0,252586.0,467292.0,27.3,XML Borehole,B34F2073_1.4.xml,3.3000000000000003,3.6,Z,ZUG,500.0,,,,,
B34F2073,4.0,252586.0,467292.0,27.3,XML Borehole,B34F2073_1.4.xml,3.6,4.0,K,,,,Z3,,,H3
B34F2074,4.0,252759.0,467010.0,28.0,XML Borehole,B34F2074_1.4.xml,0.0,1.7,Z,ZMF,175.0,,,,,
B34F2074,4.0,252759.0,467010.0,28.0,XML Borehole,B34F2074_1.4.xml,1.7,3.7,Z,ZMG,,G1,,,,
B34F2074,4.0,252759.0,467010.0,28.0,XML Borehole,B34F2074_1.4.xml,3.7,4.0,K,,,,Z3,,,H3
B34F2075,3.8000000000000003,252895.0,467225.0,27.5,XML Borehole,B34F2075_1.4.xml,0.0,0.8,Z,ZMF,175.0,,,SX,,
B34F2075,3.8000000000000003,252895.0,467225.0,27.5,XML Borehole,B34F2075_1.4.xml,0.8,1.6,Z,ZMG,250.0,G1,,SX,,
B34F2075,3.8000000000000003,252895.0,467225.0,27.5,XML Borehole,B34F2075_1.4.xml,1.6,1.95,K,,,,Z3,,,H3
B34F2075,3.8000000000000003,252895.0,467225.0,27.5,XML Borehole,B34F2075_1.4.xml,1.95,2.7,Z,ZMG,250.0,,,SX,,
B34F2075,3.8000000000000003,252895.0,467225.0,27.5,XML Borehole,B34F2075_1.4.xml,2.7,3.8000000000000003,Z,ZZG,,G3,,,,H3
B34F2076,3.7,252305.0,467091.0,27.3,XML Borehole,B34F2076_1.4.xml,0.0,0.2,Z,ZMF,175.0,,,,,
B34F2076,3.7,252305.0,467091.0,27.3,XML Borehole,B34F2076_1.4.xml,0.2,0.7000000000000001,Z,,,,,,,
B34F2076,3.7,252305.0,467091.0,27.3,XML Borehole,B34F2076_1.4.xml,0.7000000000000001,1.2,Z,ZZF,140.0,,,SX,,
B34F2076,3.7,252305.0,467091.0,27.3,XML Borehole,B34F2076_1.4.xml,1.2,2.2,Z,ZMF,190.0,,,S1,,
B34F2076,3.7,252305.0,467091.0,27.3,XML Borehole,B34F2076_1.4.xml,2.2,3.1,Z,ZMG,,,,S1,,
B34F2076,3.7,252305.0,467091.0,27.3,XML Borehole,B34F2076_1.4.xml,3.1,3.7,K,,,,Z3,SX,,H3
B34F2081,4.0,253628.0,467314.0,29.400000000000002,XML Borehole,B34F2081_1.4.xml,0.0,2.0,Z,,,,,,,HX
B34F2081,4.0,253628.0,467314.0,29.400000000000002,XML Borehole,B34F2081_1.4.xml,2.0,2.4,K,,,G1,,S3,KX,
B34F2081,4.0,253628.0,467314.0,29.400000000000002,XML Borehole,B34F2081_1.4.xml,2.4,3.6,Z,,,,,,,
B34F2081,4.0,253628.0,467314.0,29.400000000000002,XML Borehole,B34F2081_1.4.xml,3.6,4.0,Z,ZMG,250.0,,,SX,,
B34F2082,4.0,253317.0,467350.0,28.8,XML Borehole,B34F2082_1.4.xml,0.0,0.3,Z,ZMG,,,,,,
B34F2082,4.0,253317.0,467350.0,28.8,XML Borehole,B34F2082_1.4.xml,0.3,0.5,Z,ZMF,190.0,,,,,
B34F2082,4.0,253317.0,467350.0,28.8,XML Borehole,B34F2082_1.4.xml,0.5,1.3,Z,ZZG,,,,,,
B34F2082,4.0,253317.0,467350.0,28.8,XML Borehole,B34F2082_1.4.xml,1.3,1.7,Z,,,,,SX,,H2
B34F2082,4.0,253317.0,467350.0,28.8,XML Borehole,B34F2082_1.4.xml,1.7,2.1,K,,,G1,Z2,,,
B34F2082,4.0,253317.0,467350.0,28.8,XML Borehole,B34F2082_1.4.xml,2.1,3.0,Z,ZZG,380.0,,,,,
B34F2082,4.0,253317.0,467350.0,28.8,XML Borehole,B34F2082_1.4.xml,3.0,4.0,Z,ZMG,250.0,,,,,
B34F2086,2.0,253961.0,467332.0,30.7,XML Borehole,B34F2086_1.4.xml,0.0,0.35000000000000003,Z,ZMF,,,,,,
B34F2086,2.0,253961.0,467332.0,30.7,XML Borehole,B34F2086_1.4.xml,0.35000000000000003,1.0,Z,ZMG,250.0,,,,,
B34F2086,2.0,253961.0,467332.0,30.7,XML Borehole,B34F2086_1.4.xml,1.0,1.6,Z,ZZG,350.0,,,,,
B34F2086,2.0,253961.0,467332.0,30.7,XML Borehole,B34F2086_1.4.xml,1.6,2.0,K,,,G1,Z2,,,
B34F2088,3.6,254935.0,467349.0,32.7,XML Borehole,B34F2088_1.4.xml,0.0,2.9,Z,ZMF,,,,,,
B34F2088,3.6,254935.0,467349.0,32.7,XML Borehole,B34F2088_1.4.xml,2.9,3.4,L,,,,,SX,,H3
B34F2088,3.6,254935.0,467349.0,32.7,XML Borehole,B34F2088_1.4.xml,3.4,3.6,V,,,,ZX,,,
B34F2089,3.1,254630.0,467366.0,32.5,XML Borehole,B34F2089_1.4.xml,0.0,0.3,Z,,,,,,,
B34F2089,3.1,254630.0,467366.0,32.5,XML Borehole,B34F2089_1.4.xml,0.3,1.7,Z,ZMG,,,,,,
B34F2089,3.1,254630.0,467366.0,32.5,XML Borehole,B34F2089_1.4.xml,1.7,1.9000000000000001,L,,,,,SX,,
B34F2089,3.1,254630.0,467366.0,32.5,XML Borehole,B34F2089_1.4.xml,1.9000000000000001,2.9,Z,ZMG,230.0,,,,,
B34F2089,3.1,254630.0,467366.0,32.5,XML Borehole,B34F2089_1.4.xml,2.9,3.1,L,,,,,SX,,
B34F2090,2.8000000000000003,254267.0,467357.0,32.4,XML Borehole,B34F2090_1.4.xml,0.0,0.5,Z,ZMF,,,,,,
B34F2090,2.8000000000000003,254267.0,467357.0,32.4,XML Borehole,B34F2090_1.4.xml,0.5,0.7000000000000001,Z,,,,,,,
B34F2090,2.8000000000000003,254267.0,467357.0,32.4,XML Borehole,B34F2090_1.4.xml,0.7000000000000001,1.1,Z,ZMG,250.0,,,,,
B34F2090,2.8000000000000003,254267.0,467357.0,32.4,XML Borehole,B34F2090_1.4.xml,1.1,2.2,K,,,G1,Z1,,,
B34F2090,2.8000000000000003,254267.0,467357.0,32.4,XML Borehole,B34F2090_1.4.xml,2.2,2.45,Z,ZMG,250.0,,,,,
B34F2090,2.8000000000000003,254267.0,467357.0,32.4,XML Borehole,B34F2090_1.4.xml,2.45,2.8000000000000003,K,,,,Z1,,,
B34F2095,3.4,254966.0,467683.0,32.0,XML Borehole,B34F2095_1.4.xml,0.0,0.3,Z,ZMF,,,,,,
B34F2095,3.4,254966.0,467683.0,32.0,XML Borehole,B34F2095_1.4.xml,0.3,0.6,V,,,,,,,
B34F2095,3.4,254966.0,467683.0,32.0,XML Borehole,B34F2095_1.4.xml,0.6,0.8,Z,,,,,,,
B34F2095,3.4,254966.0,467683.0,32.0,XML Borehole,B34F2095_1.4.xml,0.8,1.4000000000000001,Z,ZMF,190.0,,,,,
B34F2095,3.4,254966.0,467683.0,32.0,XML Borehole,B34F2095_1.4.xml,1.4000000000000001,2.0,Z,ZMG,250.0,,,,,
B34F2095,3.4,254966.0,467683.0,32.0,XML Borehole,B34F2095_1.4.xml,2.0,2.4,K,,,,Z2,,,HX
B34F2095,3.4,254966.0,467683.0,32.0,XML Borehole,B34F2095_1.4.xml,2.4,2.8000000000000003,Z,ZMG,250.0,,,,,
B34F2095,3.4,254966.0,467683.0,32.0,XML Borehole,B34F2095_1.4.xml,2.8000000000000003,3.4,V,,,,,,,
B34F2096,4.0,255979.0,467019.0,34.9,XML Borehole,B34F2096_1.4.xml,0.0,0.8,Z,ZMF,,,,,,
B34F2096,4.0,255979.0,467019.0,34.9,XML Borehole,B34F2096_1.4.xml,0.8,2.1,Z,ZMG,250.0,,,,,
B34F2096,4.0,255979.0,467019.0,34.9,XML Borehole,B34F2096_1.4.xml,2.1,4.0,Z,,,,,S1,,
B34F2097,3.5,255617.0,467333.0,33.6,XML Borehole,B34F2097_1.4.xml,0.0,1.7,Z,ZMF,,,,,,
B34F2097,3.5,255617.0,467333.0,33.6,XML Borehole,B34F2097_1.4.xml,1.7,3.5,Z,,,,,,,
B34F2098,4.0,255336.0,467020.0,33.0,XML Borehole,B34F2098_1.4.xml,0.0,0.5,Z,ZMG,,,,,,
B34F2098,4.0,255336.0,467020.0,33.0,XML Borehole,B34F2098_1.4.xml,0.5,1.5,Z,ZMF,175.0,,,,,
B34F2098,4.0,255336.0,467020.0,33.0,XML Borehole,B34F2098_1.4.xml,1.5,3.0,Z,ZMG,250.0,,,,,
B34F2098,4.0,255336.0,467020.0,33.0,XML Borehole,B34F2098_1.4.xml,3.0,4.0,Z,ZZG,380.0,GX,,,,
B34F2099,4.0,255322.0,467332.0,32.9,XML Borehole,B34F2099_1.4.xml,0.0,2.5,Z,ZMF,,,,,,
B34F2099,4.0,255322.0,467332.0,32.9,XML Borehole,B34F2099_1.4.xml,2.5,3.3000000000000003,L,,,,ZX,SX,,HX
B34F2099,4.0,255322.0,467332.0,32.9,XML Borehole,B34F2099_1.4.xml,3.3000000000000003,4.0,Z,ZZG,350.0,,,,,
B34F2100,3.5,255951.0,467397.0,34.800000000000004,XML Borehole,B34F2100_1.4.xml,0.0,3.0,Z,ZMF,,,,,,
B34F2100,3.5,255951.0,467397.0,34.800000000000004,XML Borehole,B34F2100_1.4.xml,3.0,3.5,K,,,G1,Z2,,,
B34F2103,3.3000000000000003,255639.0,467689.0,33.2,XML Borehole,B34F2103_1.4.xml,0.0,0.2,Z,ZMF,,,,,,
B34F2103,3.3000000000000003,255639.0,467689.0,33.2,XML Borehole,B34F2103_1.4.xml,0.2,0.5,Z,,,,,SX,,
B34F2103,3.3000000000000003,255639.0,467689.0,33.2,XML Borehole,B34F2103_1.4.xml,0.5,0.9,Z,ZMF,175.0,,,,,
B34F2103,3.3000000000000003,255639.0,467689.0,33.2,XML Borehole,B34F2103_1.4.xml,0.9,1.6,Z,ZMG,280.0,,,S1,,
B34F2103,3.3000000000000003,255639.0,467689.0,33.2,XML Borehole,B34F2103_1.4.xml,1.6,2.2,Z,ZZG,380.0,,,,,
B34F2103,3.3000000000000003,255639.0,467689.0,33.2,XML Borehole,B34F2103_1.4.xml,2.2,2.45,V,,,,,SX,,
B34F2103,3.3000000000000003,255639.0,467689.0,33.2,XML Borehole,B34F2103_1.4.xml,2.45,3.0,Z,ZZG,380.0,,,,,
B34F2103,3.3000000000000003,255639.0,467689.0,33.2,XML Borehole,B34F2103_1.4.xml,3.0,3.3000000000000003,K,,,,Z2,,,HX
B34F2104,2.6,256339.0,467011.0,35.800000000000004,XML Borehole,B34F2104_1.4.xml,0.0,0.8,Z,ZMG,,,,,,
B34F2104,2.6,256339.0,467011.0,35.800000000000004,XML Borehole,B34F2104_1.4.xml,0.8,1.4000000000000001,Z,ZMF,175.0,,,,,
B34F2104,2.6,256339.0,467011.0,35.800000000000004,XML Borehole,B34F2104_1.4.xml,1.4000000000000001,2.0,Z,ZMG,280.0,,,,,
B34F2104,2.6,256339.0,467011.0,35.800000000000004,XML Borehole,B34F2104_1.4.xml,2.0,2.4,K,,,GX,Z2,,,
B34F2104,2.6,256339.0,467011.0,35.800000000000004,XML Borehole,B34F2104_1.4.xml,2.4,2.6,Z,ZMG,250.0,,,,,
B34F2105,4.0,256287.0,467341.0,35.5,XML Borehole,B34F2105_1.4.xml,0.0,1.2,Z,ZMF,,,,,,
B34F2105,4.0,256287.0,467341.0,35.5,XML Borehole,B34F2105_1.4.xml,1.2,1.4000000000000001,Z,ZUG,450.0,,,,,
B34F2105,4.0,256287.0,467341.0,35.5,XML Borehole,B34F2105_1.4.xml,1.4000000000000001,1.9000000000000001,L,,,,ZX,SX,,
B34F2105,4.0,256287.0,467341.0,35.5,XML Borehole,B34F2105_1.4.xml,1.9000000000000001,4.0,Z,ZZG,350.0,,,SX,,
B34F2106,1.8,256723.0,467319.0,36.5,XML Borehole,B34F2106_1.4.xml,0.0,0.9,Z,ZMF,,,,,,
B34F2106,1.8,256723.0,467319.0,36.5,XML Borehole,B34F2106_1.4.xml,0.9,1.8,K,,,G1,Z2,,,
B34F2108,4.0,256296.0,467642.0,35.4,XML Borehole,B34F2108_1.4.xml,0.0,0.8,Z,ZMF,,,,,,
B34F2108,4.0,256296.0,467642.0,35.4,XML Borehole,B34F2108_1.4.xml,0.8,2.0,Z,,,,,,,
B34F2108,4.0,256296.0,467642.0,35.4,XML Borehole,B34F2108_1.4.xml,2.0,2.2,K,,,G1,,S3,KX,
B34F2108,4.0,256296.0,467642.0,35.4,XML Borehole,B34F2108_1.4.xml,2.2,2.9,Z,ZMF,175.0,,,,,
B34F2108,4.0,256296.0,467642.0,35.4,XML Borehole,B34F2108_1.4.xml,2.9,4.0,Z,ZZG,350.0,,,,,
B34F2109,3.2,256591.0,467643.0,35.800000000000004,XML Borehole,B34F2109_1.4.xml,0.0,0.4,Z,,,,,,,
B34F2109,3.2,256591.0,467643.0,35.800000000000004,XML Borehole,B34F2109_1.4.xml,0.4,0.9,Z,ZMF,175.0,,,,,
B34F2109,3.2,256591.0,467643.0,35.800000000000004,XML Borehole,B34F2109_1.4.xml,0.9,1.8,Z,ZZG,300.0,,,,,
B34F2109,3.2,256591.0,467643.0,35.800000000000004,XML Borehole,B34F2109_1.4.xml,1.8,3.2,K,,,,Z2,,,
B34F2110,2.8000000000000003,256938.0,467683.0,36.7,XML Borehole,B34F2110_1.4.xml,0.0,1.8,Z,,,,,,,
B34F2110,2.8000000000000003,256938.0,467683.0,36.7,XML Borehole,B34F2110_1.4.xml,1.8,2.4,Z,ZMF,160.0,,,,,
B34F2110,2.8000000000000003,256938.0,467683.0,36.7,XML Borehole,B34F2110_1.4.xml,2.4,2.8000000000000003,L,,,,Z1,SX,,
B34F2111,4.0,257666.0,467321.0,38.4,XML Borehole,B34F2111_1.4.xml,0.0,0.7000000000000001,Z,,,,,,,
B34F2111,4.0,257666.0,467321.0,38.4,XML Borehole,B34F2111_1.4.xml,0.7000000000000001,1.6,Z,ZMG,,GX,,,,
B34F2111,4.0,257666.0,467321.0,38.4,XML Borehole,B34F2111_1.4.xml,1.6,4.0,Z,ZUG,,,,,,
B34F2113,2.4,257680.0,467653.0,38.300000000000004,XML Borehole,B34F2113_1.4.xml,0.0,1.1,Z,ZMF,,,,,,
B34F2113,2.4,257680.0,467653.0,38.300000000000004,XML Borehole,B34F2113_1.4.xml,1.1,2.4,K,,,G1,Z2,,,
B34F2115,3.7,257031.0,467304.0,37.0,XML Borehole,B34F2115_1.4.xml,0.0,0.2,Z,ZMF,,,,,,
B34F2115,3.7,257031.0,467304.0,37.0,XML Borehole,B34F2115_1.4.xml,0.2,2.5,Z,,,,,,,
B34F2115,3.7,257031.0,467304.0,37.0,XML Borehole,B34F2115_1.4.xml,2.5,2.9,Z,ZMG,250.0,,,SX,,
B34F2115,3.7,257031.0,467304.0,37.0,XML Borehole,B34F2115_1.4.xml,2.9,3.7,L,,,,Z1,SX,,
B34F2116,4.3,257334.0,467317.0,37.1,XML Borehole,B34F2116_1.4.xml,0.0,1.5,Z,,,,,,,
B34F2116,4.3,257334.0,467317.0,37.1,XML Borehole,B34F2116_1.4.xml,1.5,3.5,Z,ZZG,350.0,,,,,
B34F2116,4.3,257334.0,467317.0,37.1,XML Borehole,B34F2116_1.4.xml,3.5,4.3,Z,ZUG,450.0,,,,,
B34F2125,4.0,258011.0,467681.0,39.2,XML Borehole,B34F2125_1.4.xml,0.0,0.8,Z,,,,,,,
B34F2125,4.0,258011.0,467681.0,39.2,XML Borehole,B34F2125_1.4.xml,0.8,1.2,Z,ZMF,175.0,,,,,
B34F2125,4.0,258011.0,467681.0,39.2,XML Borehole,B34F2125_1.4.xml,1.2,2.4,Z,ZMG,280.0,,,,,
B34F2125,4.0,258011.0,467681.0,39.2,XML Borehole,B34F2125_1.4.xml,2.4,4.0,Z,,,,,,,
B34F2128,2.6,258009.0,467344.0,39.0,XML Borehole,B34F2128_1.4.xml,0.0,0.3,Z,ZMG,,,,,,
B34F2128,2.6,258009.0,467344.0,39.0,XML Borehole,B34F2128_1.4.xml,0.3,0.6,Z,ZUG,500.0,G1,,,,
B34F2128,2.6,258009.0,467344.0,39.0,XML Borehole,B34F2128_1.4.xml,0.6,0.8,K,,,G1,Z2,,,
B34F2128,2.6,258009.0,467344.0,39.0,XML Borehole,B34F2128_1.4.xml,0.8,1.4000000000000001,Z,,,,,,,
B34F2128,2.6,258009.0,467344.0,39.0,XML Borehole,B34F2128_1.4.xml,1.4000000000000001,2.6,K,,,G1,Z2,,,
B34F2997,110.0,254625.0,467585.0,31.900000000000002,XML Borehole,B34F2997_1.4.xml,0.0,1.0,GM,,,,,,,
B34F2997,110.0,254625.0,467585.0,31.900000000000002,XML Borehole,B34F2997_1.4.xml,1.0,41.0,Z,ZZG,300.0,,,,KX,
B34F2997,110.0,254625.0,467585.0,31.900000000000002,XML Borehole,B34F2997_1.4.xml,41.0,67.0,STN,,,,,,,
B34F2997,110.0,254625.0,467585.0,31.900000000000002,XML Borehole,B34F2997_1.4.xml,67.0,110.0,K,,,,Z1,,,
B34F3191,85.0,252449.0,466105.0,28.79,XML Borehole,B34F3191_1.4.xml,0.0,2.0,Z,ZMF,150.0,,,S1,,
B34F3191,85.0,252449.0,466105.0,28.79,XML Borehole,B34F3191_1.4.xml,2.0,5.0,Z,ZZG,300.0,G1,,S1,,
B34F3191,85.0,252449.0,466105.0,28.79,XML Borehole,B34F3191_1.4.xml,5.0,14.0,Z,ZUG,420.0,G1,,S1,,
B34F3191,85.0,252449.0,466105.0,28.79,XML Borehole,B34F3191_1.4.xml,14.0,17.0,Z,ZZG,300.0,,,,KX,
B34F3191,85.0,252449.0,466105.0,28.79,XML Borehole,B34F3191_1.4.xml,17.0,73.0,K,,,,Z1,,,
B34F3191,85.0,252449.0,466105.0,28.79,XML Borehole,B34F3191_1.4.xml,73.0,85.0,STN,,,,,,,
